Hермичен	0
Hестнес	0
Hиггинс	0
Hинтзсче	0
Hинцче	0
Hоwланд	0
Hоббс	0
Hобе	0
Hоджер	0
Hоер	0
Hолеманн	0
Hолмес	0
Hопкинс	0
Hоппе	0
Hоэбреcц	0
Hсиэh	0
Hуббертен	0
Hуггел	0
Hуйбречц	0
Hултзсч	0
Hуммел	0
Hумпhрей	0
Hумпhрейс	0
Hурлей	0
Hусебе	0
Hыменков	0
Jаcксон	0
Jаcобс	0
Jаковлев	0
Jаремчук	0
Jасински	0
Jастер	0
Jенссен	0
Jентофт	0
Jернслеттен	0
Jесфиэлд	0
Jоhаннессен	0
Jоки	0
Jонсен	0
Jочелсон	0
Jулл	0
Jунгнер	0
Jуурмаа	0
surname	results
Wäрцилä Марине	0
Whитwортh	0
Whите	0
Wаhснер	0
Wаxелл	0
Wаллаcе	0
Wегенер	0
Wеизман	0
Wеинберг	0
Wеинстеин	0
Wеинстеин-Тагрина	0
Wиггинс	0
Wигет	0
Wилкинс	0
Wиллиамс	0
Wилсон	0
Wитте	0
Wиттенбург	0
Wиэсе	0
Wоод	0
Wоэикоф	0
Wрóблеwски	0
Wрангелл	0
Wритерс оф Руссиа	0
Xиэ	0
Yоки	0
Yокипии	0
Yоунг	0
Yоуркевиттч	0
Аhлманн	0
Аhмад	0
Абажей	0
Абаза	528
Абаимов	6
Абдуллаэв	0
Абдушелишвили	16
Абелманн	0
Аблаев	42
Аболиц	1
Аболтиньш	8
Абоносимов	5
Абульханов	3
Абылмейизова	0
Авгевич	0
Августинчик	0
Авдейко	2
Аверкиев	127
Аверыьянов	0
Аветов	4
Авксентьев	190
Авсеенок	0
Автократова	6
Авхуцкая	0
Агалаков	43
Агалакова	27
Агапитова	13
Агаритов	0
Агатова	16
Агафонкин	6
Агентов	3034
Агларова	0
Адами	85
Аданин	0
Аджиумеров	0
Адмакин	1
Администрация Губернатора Ханты-Мансийского автономного округа. Югры Комитет по информационным ресурсам	0
Аднашкин	0
Ажогин	10
Азафонов	0
Азбухина	0
Азиев	15
Азовскы	0
Академииа наук СССР. Междуведомственныии комитет по проведению Международного геофизического года	0
Академии Наук СССР. Ихтиологическая Комиссия	0
Академии Наук СССР. Советский Географический Комитет	0
Академия Наук СССР. Институт Географии	16
Академия Наук СССР. Сибирское Отделение	10
Академия Наук СССР. Сибирское Отделение. Институт Истории, Филологии и Философии	0
Академия Наук СССР. Советский Геофизический Комитет	0
Академия Наук СССР. Уральское Отделение. Коми филиал.	0
Акбари	44
Акивис	5
Акилина	56
Акимцев	7
Акинин	26
Акифьева	32
Аккуратов	43
Аклаев	2
Акулин	18
Акульшина	12
Алабушев	10
Аладин	32
Аладко	3
Алатало	87
Алварез	21
Алвре	0
Алдан-Семенор	0
Алеxеев	0
Алеxеева-Попова	0
Алеxеенко	0
Алеева	55
Алейнер	2
Алекин	16
Александдров	0
Алексеjева	0
Аленин	18
Аленников	2
Алешинская	105
Алимухамедов	1
Алкесандрова	0
Алпатьев	7
Алто	113
Алтунин	154
Алтунина	27
Алфимов	56
Алхименко	2
Альгирдас	281
Алькор	223
Альмухамедов	3
Альтах	71
Альтберг	10
Альфимов	0
Алюкаева	0
Алюшинская	1
Амбросова	2
Амгин	2
Амелина	153
Амербаев	6
Амес	42
Аметова	9
Амитров	4
Аммосова	84
Амузинский	2
Амундсен	265
Амшинский	1
Анаибан	0
Ананjева	0
Ананенков	7
Ананин	6
Анастасенко	1
Анвелт	0
Анвельт	24
Андиева	19
Андреевская	924
Андреичев	1
Андреичева	2
Андрейчикова	5
Андреяшкина	0
Андриашев	1
Андрияшев	239
Андросенко	13
Андрусевич	9
Андуганов	2
Анжиганова	6
Анжина	0
Аниситов	0
Анискевич	11
Анодин	2
Аношин	42
Анрелев	0
Ансон	300
Антарcтиc cонсерватион	0
Антарcтиc Треаты Cонсултативе Меетинг	0
Антинов	0
Антонов-Овсеенко	159
Антощенко-Оленев	8
Анттикоски	4
Антюшина	2
Ануфроев	0
Ануцчин	0
Анфимова	30
Анчишкин	12
Апаньев	0
Апарин	38
Апиманова	0
Аплонов	0
Аполлонов	261
Аполлонский	28
Апольский	2
Аппель	618
Апполонов	46
Апрелев	30
Апросимова	0
Арhипов	0
Арабаджи	37
Арабацкой	0
Аракельянц	2
Аракелянц	2
Аракчаа	15
Арашкевич	6
Аргевич	1
Аргентов	8
Аргоунова	0
Аргулов	0
Аре	781
Арел	2
Арендаренко	15
Аржанников	5
Аржиев	0
Ариель	92
Арикайнен	5
Арискина	2
Арктический и Антарктический Научно-Исследовательский Институт	38
Арлюков	0
Арнhолд	0
Арнгольд	6
Арнолд	188
Арнольд-Алябьев	0
Арон	2073
Арсенеьев	0
Арсенюк	9
Артеев	27
Артемчук	14
Артухин	0
Арханов	0
Архаров	155
Архипкин	49
Арчегов	4
Арчиков	2
Аршеневский	52
Арюхов	0
Асееыв	0
Асиновский	114
Асминг	0
Асочакова	1
Аспланова	0
Ассовский	1
Ассоциация Советских Полярников	0
Астаева	1
Астафьэв	0
Астратов	7
Астраханскии	0
Астраханцева-Наделяева	0
Атакая	0
Атлас	10847
Атлас	10848
Атласи	15
Атласова	239
Атрашкевич	16
Атутов	5
Ауниньщ	0
Афанасева	0
Афанасиэв	0
Афанасьев-Терис	0
Афанасьэва	0
Аферовский	1
Афонина	235
Африкантов	26
Ахайпина	0
Ахмад	2984
Ахрамеев	5
Ацеров	1
Ачаковский	0
Ачиргина-Арсиак	0
Ашик	247
Ашпиз	3
Аыбабина	0
Аыбулатов	0
Аывазян	0
Аываседа	0
Аыдаралиев	0
Аызенберг	0
Аызенштадт	0
Аызин	0
Аызинов	0
Аыманова	0
Аыпин	0
Аыталын	0
Бáртл	0
Бáтори	0
Бěhоунек	0
Бjøрклунд	0
Бöhтлингк	0
Баcклунд	0
Баhдер	0
Бабанская	8
Бабарыкин	36
Баблюк	3
Бабуева	3
Багатаайыскай	0
Багатайский	1
Багатиков	0
Багин	33
Баграмов	13
Багрий-Шахматова	0
Багроw	0
Багрянцев	7
Бадамшин	54
Баду	247
Бадюгина	2
Баер	153
Бажева	1
Базай	23
Базалеев	4
Базанова	164
Базаркина	8
Базилевская	79
Базин	52
Баирамов	0
Байбородова	5
Байдалинова	0
Байдерин	2
Байжанова	14
Байкалова	21
Байтаз	0
Бакай	383
Бакакин	1
Бакалин	6
Баканин	2
Бакер	85
Баккал	55
Баккеhои	0
Баклунд	49
Баков	1155
Бакуловский	0
Бакуменко	39
Бакштановский	4
Балагуров	39
Балалаева	3
Баландина-Вахрушева	0
Баланев	0
Балданов	17
Балзер	3
Балзер-Манделштам	0
Балзер-Мандельштам	0
Балибасов	0
Балова	18
Балушкин	43
Балушкина	1
Балыбина	3
Балыкин	34
Балясников	68
Банацекина	0
Бангенгейм	0
Бангерт	8
Банде-Кирков	0
Бандман	4
Бандопадхай	0
Бандор	1
Бандуренко	4
Баннасч	0
Баннаш	2
Баннов-Байков	0
Банцекина	2
Банщикова	49
Барадиев	2
Бараксанов	3
Бараксанова	4
Баранкевич	23
Баранскии	0
Баранюк	52
Барбар	472
Барбат	501
Барбашова	26
Баргачан	2
Бардан	85
Бардаханова	2
Бардилева	3
Бардсов	0
Бардышев	29
Баркалов	76
Баркиной	0
Барляева	2
Бармина	106
Бармич	6
Барнакова	0
Барры	26
Барсаа	0
Барсонов	1
Барталаев	0
Бартанов	0
Бартл	32
Бархота	0
Барченко-Емельянов	8
Барыков	80
Барымов	2
Барышевская	18
Басаева	201
Басалаев	23
Басалаэв	0
Басарукин	1
Басилов	69
Басилян	0
Бассин	16
Батори	208
Батырбаева	1
Батянова	0
Баулин	108
Баумлер	6
Бахманн	136
Бахмин	48
Бахревский	26
Бахтуров	7
Бацалев	4
Бацких	2
Бачманн	2
Башалханов	0
Башалханова	0
Башенькин	10
Башканова	2
Башкатова	28
Башлавин	0
Башлыков	55
Бащенко	17
Баэр	121
Баянова	53
Баясан	0
Бгатов	1
Бгатова	0
Беjодров	0
Беач	0
Бебриш	1
Беглянова	8
Бегун	1191
Бедрицкы	0
Беер	293
Безгрешов	0
Безносиков	17
Безродных	56
Безуглый	101
Безух	13
Бейзель	1
Бейлинсон	34
Бекецкий	0
Беклемискев	0
Бекман	401
Бекьды	0
Белjаэва	0
Беланова	26
Белевич	107
Беленкина	6
Белиев	0
Беликович	47
Белима	3
Белимов	16
Белишева	4
Беллингшаусен	0
Беллинсгаузен, Фаддей Фаддеевич	20
Белоголова	5
Белоголовкин	2
Белогубова	8
Белогуров	58
Белокрылов	15
Белолуцкая	10
Белорукова	11
Белорусов	933
Белорусова	2
Белослудов	0
Белугин	55
Белык	1
Бельков	103
Белькович	51
Белязо	0
Белянина	54
Беляшов	6
Беляява	0
Бенделиани	16
Бендер	1225
Бендерский	133
Бенедик	10
Бенземан	8
Бентлей	26
Бергавинов	8
Бергстром	49
Бердицкий	0
Береговая	3080
Березинский	280
Березнер	24
Березний	7
Беренбойм	0
Берестовский	96
Берестовскы	0
Бериозкина	0
Беркин	16
Беркуль	2
Беркутенко	6
Берлинских	352
Бернвальд	2
Берры	2
Берсонов	1
Бертельсон	3
Бертоссен	0
Берх	68
Берцинская	1
Бесанçон	0
Бесносов	0
Беспалая	21
Беспалый	209
Беспрозванная	6
Беспятных	2
Бессолицин	0
Бетехтина	12
Бетешева	0
Бетлингк	5
Бетту	6
Бехтольд	18
Биджиев	80
Бижигитов	3
Бизjук	0
Бизиков	0
Бизюк	13
Биккенина	2
Бикмухаметов	11
Биленко	25
Билкей	0
Биненко	2
Биншток	20
Биржанов	0
Бирин	51
Бирина	7
Биркенгоф	3
Бирукова	8
Биске	520
Битухин	0
Бичекуева	0
Бичус	0
Биэв	0
Биюков	0
Биянов	1
Блаcк	0
Благодаров	9
Блажчишин	0
Блаке	9
Блантер	111
Блатин	1
Блек	179
Близниченко	114
Блиох	22
Бломквист	103
Блощинская	1
Блощицына	0
Блум	1137
Бобин	118
Бобковская	2
Бобов	471
Бобриевич	1
Бове	2030
Боганова	3
Богаткин	26
Богатко	42
Богдашевский	28
Богер	9
Богилло	0
Богина	28
Богораз-Тан	9
Богормистров	0
Богоров	38
Богородоская	0
Богородски	0
Богородскы	0
Богославская	17
Богословскии	0
Богословскы	0
Богоявленскы	0
Богунова	20
Бодина	30
Боднарский	29
Бодунов	40
Бодылевcкий	0
Боенкова	0
Божедонова	1
Боженова	21
Божинкскы	0
Божинскы	0
Божкинскы	0
Божов	3
Боиков	0
Боицов	0
Бойдык	0
Бойко-Павлов	0
Бойницкий	8
Бойраский	0
Бойтковский	0
Боканенко	0
Бок Зи	0
Бокина	13
Бокун	13
Болбот	8
Болвашенков	0
Болгуцев	0
Болдаруева	0
Болиховская	1
Болиховский	0
Болобуева	0
Болов	72
Болондинский	1
Болосов	3
Болотинская	4
Болтенко	229
Болтнева	19
Болтников	0
Болтромеюк	0
Болховитина	6
Болшаков	1
Болшакова	0
Болшиянов	0
Больбух	2
Больдт	21
Большиянов	9
Большова	87
Боманн-Ларсен	1
Бонатти	37
Бондарик	64
Бондырев	8
Бонч-Бруевич	344
Боотур	32
Борhерс	0
Боратырев	0
Борачева	0
Борг	621
Бордовский	14
Бордонский	11
Борец	5819
Боринская	26
Борискин	71
Боришанская	0
Боркин	1148
Боробков	0
Боробьев	0
Боровинский	17
Боровинскы	0
Боровской	2531
Бородавкин	74
Бородавко	41
Бородачев	35
Бороденков	1
Бородина-Морозова	0
Бородовский	20
Боронова	2
Боросов	0
Бортникова	98
Борукаев	31
Борухина	1
Боруцкие	2
Боруцкий	13
Борчгревинк	0
Борщева	60
Борщук	0
Бостриков	1
Ботинцев	0
Боткунов	0
Ботников	18
Ботулу	6
Ботяков	2
Боулитчофф	0
Боч	19
Бочанов	14
Бочек	503
Бочонина	0
Бошнякович	11
Боязитова	0
Бояркин	46
Бояркина	38
Боярко	8
Бояров	40
Бражня	0
Брайцева	14
Братцев	39
Браутон, В.Р.	0
Брацев	0
Брач	211
Брачун	18
Брачфогель	0
Бревнов	26
Брегман	100
Брезгин	9
Брезгунов	9
Бреитфусс	0
Брейтфус	131
Бремер	414
Бреслина	13
Бресткин	6
Брехунцов	2
Бржезинский	10
Бринкен	40
Бритаев	13
Бриффа	9
Бричкин	3
Бро	1288
Броwн	0
Бробков	0
Бровка	332
Бровков	1
Броднев	0
Бродников	98
Броды	1465
Бройдо	63
Бронгулеев	3
Броневич	20
Бронштеин	0
Бронштен	1
Броугhтон	0
Броуди	536
Броунштейн	0
Брубакер	6
Бруевич	374
Бруханда	0
Бручков	0
Брушков	1
Брыжинский	9
Брызгало	1
Брысякина	0
Брюнелли	3
Брязгин	6
Брянчанинова	108
Бряцева	0
Буб	751
Бубенщикова	2
Бубнис	13
Бубякин	11
Бугроменко	2
Буданцева	69
Бударгин	16
Бударов	20
Будд	240
Будин	49
Будников	113
Будрецкий	6
Будрис	93
Будрыс	5
Будыленко	2
Будьков	107
Бузаков	5
Бузанов	19
Бузуэв	0
Буйиницкий	0
Буйневич	52
Буйницки	0
Буйницкий	82
Букай	11
Буканов	36
Букатов	19
Букатова	9
Букреева	63
Буксина	1
Букто	0
Булай	125
Буланже	370
Буланцев	8
Булдивич	0
Булейко	8
Булина	13
Булкагова	0
Булохов	2
Булынникава	0
Булычов	255
Бульенков	0
Буманн	15
Бунан	3
Буне	32
Бургаева	1
Буренко	38
Буренков	99
Буренстам	3
Бурий	9
Бурикова	3
Бурилов	12
Бурилова	8
Бурканов	84
Бурлакин	5
Бурнаков	3
Бурр	134
Буртман	3
Бурштын	209
Бурьян	74
Буссен	63
Бусырев	3
Бутанаева	9
Бутвило	142
Бутц	86
Бутягин	82
Буффет	1
Бухарева	12
Бухтев	1
Буц	139
Буцинский	16
Буч	168
Бушмина	58
Буянтуэва	0
Буяхаев	0
Быбин	1
Бызова	54
Быкодоров	4
Быкоовец	0
Былинская	6
Бысаков	0
Бытовой	2699
Быховский	622
Быченков	33
Бычинский	9
Бышев	217
Бэр	894
Бялобжеский	7
Бянки	1
Ваjда	0
Вааг	14
Вабар	3
Вавулин	3
Вадецкий	15
Вадюхин	0
Важник	2
Важнов	23
Вазюля	0
Ваикмиаэ	0
Вайвод	5
Вайгачев	0
Вайкмаэ	0
Вайкмяе	0
Вайровская	0
Вайтукевич	0
Вакель	0
Ваксул	0
Вакулин	14
Вакуловская	3
Вакульская	3
Вакуров	230
Валаэева	0
Валдеев	0
Валенцев	1
Валиулин	16
Валицкая	13
Валиэва	0
Валл	953
Валлер	100
Валликиви	1
Валовая	370
Валчик	4
Вальдман	101
Вальков	90
Ванда	1888
Ван дер Пличт	0
Вандыш	68
Ванесян	2
Ванстеин	0
ВанСтоне	0
Вануито	0
Ванштейн	11
Ванюхин	6
Ванякин	3
Вараскин	0
Вартыкян	0
Варюхина	8
Васевич	4
Васейко	0
Васерман	6
Васикова	8
Василевскы	0
Василиjебва	0
Василиев	12
Василиэв	0
Васильева-Кралина	0
Васильев-Дьаргыстай	0
Васильевич	27233
Васильковский	1944
Васкул	1
Васлиьева	0
Васчилов	0
Васютич	0
Ватанабе	47
Вахнина	5
Вахов	14
Вахрин	28
Вацких	0
Вачаева	1
Вашенюк	0
Ващенкова	2
Ващилов	1
Введенскы	0
Ведищева	67
Веенкер	2
Вейнгер	6
Векет	0
Векша	50
Веленгурина	2
Велиcославинскии	0
Веливецкая	0
Велижанин	4
Велижанина	3
Великолепнов	0
Великославинский	0
Великоцкиj	0
Великоцкий	18
Велимир	335
Величкин	113
Велла	135
Велли	218
Велуwенкамп	0
Вельмина	1
Вендров	13
Венстен	1
Венстен-Тагрина	0
Вепров	6
Верhотуров	0
Вергасова	14
Веретеников	2
Верещага	68
Верещака	20
Вержбицкии	0
Вержуцкий	1
Верзилов	17
Веригина	76
Веркулич	4
Верниковская	4
Верниковский	24
Вернов	36
Верховный Совет Коми АССР	0
Верховный Совет Российской Федерации	46
Верховный Совет РСФСР	222
Верховодова	2
Верховцева	26
Верхунов	2
Вершинская	17
Вершняк	0
Веснин	131
Ветрин	10
Ветштейн	4
Вехов	79
Вешев	0
Виhаваинен	0
Вибах	23
Вивчар	7
Виггинс	32
Виденина	0
Видяпин	14
Вижина	0
Визе	719
Виицо	0
Вийдалепп	2
Вийцо	0
Виксне	13
Виктовская	0
Вилесов	14
Вилчинский	1
Вилькицкий	37
Вильнер	93
Вильфанд	6
Вильчек	208
Вингун	1
Винтербергер	4
Виолович	28
Вирская	13
Виртаранта	4
Вислобокова	3
Вислых	4
Вистелиус	1
Виталь	140
Витворт	21
Вительс	0
Витов	27
Витович	6
Вихрев	28
Вихрова	36
Вишневскы	0
Виязов	0
Виялов	0
Владышевский	4
Власков	12
Вогзыбина	0
Вогт	93
Водоватова	3
Водовскова	0
Водолажский	18
Воевод	855
Возжинская	2
Возин	0
Возиянов	2
Возовик	49
Войлочников	6
Войлочникова	1
Войтковский	14
Войтылов	0
Вол	925
Волерман	0
Волковицкий	25
Волков-Ланнит	4
Володичев	12
Володичева	6
Волокитин	73
Волотовский	120
Волохин	66
Волохов	179
Волоцких	9
Волхонин	0
Волчанская	25
Волченко	41
Волынин	0
Вольнев	0
Вольский-Вариэс	0
Воробьев-Десятовский	8
Воронкин	34
Воропанова	11
Ворошилов	1174
Ворошин	13
Воскобойноков	0
Вострецов	90
Вотах	1
Вотрогов	0
Вотяков	109
Воэводин	0
Всероссийский Гидрологический Сьезд	0
Всесоюзный арктический институт	8
Всесоюзный институт научной и технической информации	16
Всесоюзный научно-исследовательский институт гидротехники имени Б.Е. Веденеева	0
Вторушина	9
Втюрин	31
Втюрина	7
Вуквукай	1
Вулих	41
Вшивцев	39
Вылежнев	0
Вымятнин	1
Вынгилева	0
Выркин	0
Выручалкина	0
Высовков	0
Вытурин	0
Вышар	1
Вышкварцева	0
Вышнепольский	3
Вючейская	0
Вючейский	0
Вялухин	1
Вясилов	0
Вяхирев	58
Габеев	5
Габис	7
Габов	55
Габриэльсен	26
Гавиоли	0
Гавриелов	0
Гаврилиэв	0
Гаврильева	6
Гавриола	0
Гавшин	3
Гаген-Торн	36
Гагиев	40
Гаевскы	0
Гаер	21
Газова	2
Гаидамако	0
Гаидюков	0
Гаинанов	0
Гаискы	0
Гайгалас	4
Гайгеров	1
Гайдамако	1
Гайдебурова	49
Гайденок	0
Гайдюков	0
Гайнанов	18
Гайский	123
Галазий	18
Галачалова	0
Галдин	23
Галдобина	8
Галеркин	17
Галеркина	87
Галимуллин	11
Галичанина	10
Галхов	0
Гальнанов	0
Гамянин	1
Ганешин	21
Ганопольский	14
Гантимуров	25
Ганюшкин	14
Гапанович	49
Гапеев	44
Гаптулкадыров	0
Гарагулей	1
Гаранкина	0
Гарбук	32
Гаргацев	0
Гаретовский	12
Гаристова	0
Гарифулин	8
Гаркави	82
Гарманов	3
Гармонов	3
Гарутт	4
Гарькуша	5
Гаряев	26
Гасникова	15
Гассельгрен	0
Гашев	18
Гашилов	22
Гашилова	3
Гашина	3
Гвоздевский	10
Гвоздецкие	3
Гвоздик	262
Гвоздиков	21
Гвоэздецкий	0
Гебел	3
Геборкян	0
Гебрук	2
Геворков	8
Гегтярев	0
Гейденрейх	40
Гейинрих	0
Гейнрих	162
Гелман	4
Гельфан	1
Ген	3313
Гендельман	36
Гениев	303
Генкал	0
Генкал, С.И.	0
Геннадиник	1
Генсиоровский	0
Геншафт	2
Географическое общество СССР	42
Геодекян	1
Георги	1444
Георгиади	58
Гептнер	62
Герасиков	0
Герасимовский	53
Гербачевский	7
Гербович	7
Геркави	0
Гермогенов	44
Гернандт	5
Герт	681
Гершанович	21
Гершевич	87
Геря	19
Геткер	1
Гетцен	11
Гецен	3
Гзиришвили	5
Гиаэвер	0
Гибсон	2396
Гигинеишвили	59
Гидельман	0
Гидрографическое Управление. Гидро-метеорологический Сектор	0
Гидрографическое Управление Главсевморпути	1
Гидрюк	0
Гизенко	3
Гизлер	20
Гилерт	109
Гиличинский	4
Гиличинскы	0
Гиммельфарб	21
Гиппенреитер	0
Гирдюк	1
Гировка	1
Гирфанова	9
Гифранова	0
Глабина	1
Главацких	1
Главное управление научными учреждениями	2
Гладилов	6
Глазовская	419
Глазовскы	0
Глазырина	121
Гласовский	0
Глебовскии	0
Глебовский	164
Глен	4346
Глинских	95
Глоwаcки	0
Глоба-Михайленко	27
Гловацки	24
Глокова	0
Глубоков	24
Глух	120
Глухий	4
Глушанков	18
Глушанкова	1
Глушнев	11
Гнилорыбов	10
Гниляк	2
Гоw	0
Гобеджишвили	28
Гобел	18
Гобле	153
Говоркова	31
Говорова	318
Говоруха	566
Говурха	0
Гогина	16
Гоголоев	0
Гогорев	0
Годес	27
Гожик	7
Гойло	84
Голант	105
Голанта	56
Голдсмитh	0
Голенченко	10
Голобокова	4
Головастов	24
Головатин	2
Головев	0
Головенок	0
Головныова	0
Головных	1010
Голодковская	9
Голынкин	16
Голынская	16
Голынский	37
Гольмшток	0
Гольштейн	3877
Гольынкин	0
Гомазков	3
Гоман	100
Гомбоэв	0
Гомоюнова	4
Гонионский	33
Гоодков	0
Гоодрич	0
Горальчук	1
Горбаренко	0
Горбацкий	35
Горбоносова	11
Гордеичук	0
Гордейчик	17
Гордейчук	98
Гордиэнко	0
Горесцкий	0
Горкий	2
Горленко	345
Горман	329
Горницкий	10
Горнштейн	19
Городецкии	0
Гороков	0
Горотов	0
Гортер-Грøнвик	0
Гортер-Гренвик	0
Гортинский	38
Горчаковский	25
Горшечников	12
Горшунов	19
Горячкин	42
Госкмстат России	0
Госкомстат Республики Коми	1
Готовцев	78
Гоусефф	0
Гоцкий	5
Грабcзак	0
Грабежова	0
Грабкин	3
Гравис	106
Гравкин	0
Граевский	41
Гражданников	0
Грайзер	6
Грайфер	22
Гракович	2
Грамузов	1
Гранков	7
Гранник	5
Гранович	9
Графе	1538
Графитуллина	0
Грахов	24
Граховский	141
Грацианова	10
Греб	30
Гребенец	15
Гревцев	15
Грегоры	1
Грезе	28
Греиг	1
Грейнер	96
Греку	112
Гренадер	363
Грецев	0
Гречищев	10
Гречищева	1
Гречщев	0
Грещишин	2
Грибановский	369
Григориэв	0
Григорьевна	2481
Гридяева	1
Гриенко	1
Грикурова	10
Гримстед	7
Гриневицкий	16
Гринсон	8
Гринфельд	87
Грипук	0
Гритченко	7
Гриффин	1564
Гришенев	0
Гришкан	1
Гродецкий	49
Гродницкий	19
Гроздилов	2
Громковская	6
Громчевская	0
Гропянова	1
Гроссwалд	0
Гротов	136
Грубер	631
Грудинин	58
Грудинина	18
Грудский	2
Гружинин	0
Грузов	5168
Грунис	8
Грушинский	102
Грысык	2
Грязнов	402
Грязнухин	3
Губарьков	11
Губкина	835
Гудименко	47
Гудимова	13
Гудкова-Сенкевич	0
Гудкович	4
Гудмандсен	0
Гудошников	16
Гужавина	8
Гуженко	38
Гужова	9
Гулдин	1
Гулевич	180
Гулии	2
Гулий	27
Гулинова	0
Гулько	104
Гульчак	11
Гуляр	6
Гуминский	35
Гун	2014
Гунгаров	0
Гундерина	2
Гундризер	1
Гуня	46
Гурjанова	0
Гурецкий	53
Гуркина	113
Гурулева	7
Гурылев	9
Гурянов	2
Гусева-Лозински	0
Гуслистый	7
Гуслицер	1
Гутельмахер	1
Гуцляк	0
Гущенко	37
Гущинская	3
Гуя	63
Гыггенбергер	0
Гызенко	0
Гыпылов	0
Гыревич	0
Гюлев	0
Гюльхаджан	0
Дjесфилд	0
Даhле	0
Давидович	1988
Давидовский	46
Давитая	24
Дагелайский	1
Дагис	5
Дагыс	0
Дадали	5
Дале	203
Дамашек	1
Даниланс	0
Данилкович	0
Данилов-Данильян	89
Даниловцев	9
Данилушкин	13
Даниэлян	38
Данукалова	10
Данюшевская	0
Дара	1349
Дараган-Сущов	1
Дарбасов	1
Дарьенко	1
Датнов	3
Даувальтер	1
Дауев	2
Дашабылов	0
Дашибалов	6
Дварецкас	0
Дворецкы	0
Дворняк	1
Дворянкин	15
Дворянов	10
Дебабов	17
Дебенhам	0
Деболскы	0
Дебольская	2
Деви	756
Девирц	1
Девлет	371
Девятин	4
Девяткин	319
Де Грааф	45
Дегтеева	0
Дедеев	1
Деденко	8
Дедюкина	4
Дедюля	28
Дедюрин	3
Дежавин	0
Дежкин	150
Дейнека	159
Деларов	43
Делямуре	4
Де-Мартино	35
Дембовский	67
Деменин	0
Деменок	20
Дементиэв	0
Дементьэв	0
Деметьев	0
Демидюк	51
Демишев	7
Демус	44
Демьянович	497
Демьянченко	8
Денева	9
Денейка	0
Деннинг	81
Деньгин	70
Дер	14126
Дерjабин	0
Дерjапа	0
Дербышев	6
Дергачева-Скоп	10
Деревиагин	0
Деревьянко	0
Деревягин	44
Дерцакян	2
Дерюгин	151
Деряпа	0
Десинов	9
Детhлефф	0
Деубесси	0
Де-Фер	50
Дехник	2
Дещения	0
Джавахишили	0
Джанджгава	40
Джекобс	119
Дженюк	1
Дженюл	0
Джиганшин	0
Джиноридзе	2
Джинчарадзе	23
Джоган	4
Джурик	4
Дзевановский	34
Дзениук	0
Дзердзеевский	7
Дзинкас	0
Дзюбло	4
Диаконов	401
Дианский	1
Дибнер	12
Дивина	51
Дивнина	1
Дидык	53
Дикенштейн	0
Диких	2734
Дикушин	13
Дильмурадов	0
Димитренко	15
Дистанов	3
Дистлер	38
Дитц	141
Диэкманн	0
Длугач	246
Дмитраш	17
Дмитриев-Садовников	1
Дмитриков	13
Дмитриэв	0
Дмишевич	1
Днепровскы	0
Доwдесwелл	0
Добкина	54
Доборвольский	0
Добржинецкая	0
Добринская	50
Добрицына	5
Доброволский	1
Добровская	7
Добродомов	45
Доброницкая	3
Доброноженко	5
Доброскок	22
Добрускина	11
Добрышман	5
Довбыш	175
Довгалюк	14
Довгуша	1
Довиденко	3
Догаев	13
Догмаров	1
Додомка	0
Дождиков	14
Дойбан	4
Докукин	229
Докунин	1
Долгаль	1
Долганов	214
Долманова	3
Долнаков	2
Домашнев	25
Домышев	18
Донабедов	0
Донидзе	91
Донских	1233
Доппельмаер	0
Доппельмаир	2
Дорогинская	1
Доронкин	11
Доронькин	14
Дорофеев И.В.	0
Дохман	5
Дохунаев	1
Драбкова	1
Драгомилова	0
Дралкин	9
Драневич	0
Дранишников	51
Дребенцов	0
Дребущак	0
Древетняк	4
Древецкая	0
Древило	0
Дреер	48
Дрезен	39
Дремлюг	15
Дреннов	0
Дриацкая	26
Дриацкий	5
Дридзо	22
Дритз	0
Дриц	10
Дробов	18
Дробышев	182
Дрогайцев	0
Дрозжина	0
Друбецкой	8
Другова	21
Дружова	0
Друзьянов	0
Друри	263
Друщин	0
Дрюккер	2
Дрягин	41
Дрянкова	0
Дтручкова	0
Дубатолов	36
Дубашинский	6
Дубиков	12
Дубиницкий	0
Дубинская	46
Дубовец	442
Дубовской	286
Дубравин	48
Дубрович	5
Дубровнин	0
Дубсанов	0
Дувал	128
Дудакова	29
Дудекк	0
Дуденко	15
Дудка	410
Дудкин	180
Дудкина	73
Дудкинский	8
Дудно	0
Дудыкина	4
Дукальская	13
Дулепов	7
Дулепова	4
Дульзон	23
Дульченко	2
Думанская	4
Думитрашко	139
Думкин	6
Думонд	0
Дун	1069
Дунатолов	0
Дунаэв	0
Дундин	10
Дунин-Горкавич	16
Дуничев	8
Дурденевская	0
Дурденевский	16
Дурынин	0
Дурягина	2
Духовский	82
Дучков	1
Душкин	134
Дуэль	2062
Дыдина	1
Дылевский	12
Дыльнев	0
Дымент	6
Дымкина	1
Дымникова	2
Дымове	1
Дыховский	1
Дьяканова	0
Дюбесси	0
Дюжиков	22
Дюкарев	30
Дюнин	23
Дюргеров	1
Дюрр	140
Дядин	37
Дятлова	170
Евай	2
Евдокимов-Рокотовский	0
Евеев	2
Евенко	42
Евзеров	28
Евлашин	0
Евстратов	148
Евстюшин	1
Евсюков	149
Егизаров	9
Егиян	4
Егорьева-Канторович	0
Егурцов	2
Екайкин	2
Еланский	334
Елаховский	7
Елепов	4
Елизарьев	32
Елисов	22
Елохов	6
Елсаков	6
Елцин	1
Ельмакова	1
Ельников	67
Емелянов	1
Емелянова	1
Ентофт	0
Епинатьева	1
Еписковская	0
Епихин	25
Епишкин	49
Ерасов	14
Ергина	11
Ерискина	0
Ерисковская	0
Еркаев	3
Ермашев	6
Ермолева	0
Ерназарова	4
Ерныхова	1
Ерокин	0
Ероменко	1
Ероховец	6
Ерощев-Шак	0
Ерушин	0
Ерченко	4
Есева	0
Есида	763
Есикова	3
Ескин	14
Естафьев	3
Есюнин	12
Есютина	1
Етылен	1
Етылин	6
Ефимцева	6
Ефремычев	1
Еханин	1
Жадин	25
Жадов	117
Жадринский	2
Жадрицкий	1
Жакевич	10
Жамойда	17
Жанг	50
Жангуров	0
Жантиев	29
Жаппаров	0
Жарницкий	0
Жатнуев	0
Ждамиров	5
Жегалло	5
Железко	9
Железнов-Чукотский	1
Железных	8882
Желзняк	0
Желинский	3
Желнин	23
Желнина	12
Желобцова	0
Жеребцво	0
Жернаков	23
Жеро	1141
Жесткова	12
Жибоедов	5
Живаго	524
Живлюк	11
Животченко	1
Жигалев	2
Жигулскы	0
Жигульская	4
Жигульслий	0
Жилин, М.Я.	0
Жилинскы	0
Жилова	7
Жимулева	4
Жиндарев	2
Жируев	0
Житний	5
Жичкин	14
Жовинский	3
Жоглик	2
Жомова	0
Жорницкая	2
Жорова	17
Жузе	79
Журавков	164
Журавлев-Печерский	0
Журавлев-Печорский	0
Журко	65
Журнов	0
Жучкова	31
Заалашвили	0
Забияка	161
Заболотник	2
Заболотников	2
Заболоцкая	25
Заборцев	0
Забулевич	0
Заварина	25
Завитухина	6
Заводовский	15
Заворина	4
Завялов	7
Загерт	6
Загирова	13
Загороднов	2
Загородный	1024
Загрузина	1
Загудаева	2
Загуменнов	24
Загуменный	10
Загю	9
Задальский	0
Заданов	0
Задвин	0
Задера	6
Задумкин	9
Зажигин	23
Заиканов	0
Заионц	0
Заитов	8
Зайкер	1
Зайкин	69
Зайончек	54
Заказнова	0
Закарашвили	0
Закарова	0
Закиэв	0
Заклинская	10
Закман	8
Заксор	5
Закусина	0
Залесный	95
Залесских	13
Залиханов	31
Замирайлова	0
Замойским	44
Заморский	332
Заморуев	0
Занг	45
Занина	32
Заноха	2
Заочная	234
Запевалов	19
Запеклый	1
Запивалов	1
Запольнов	1
Запорожская	4039
Запорожский	1269
Запорожцева	13
Запороцкий	1
Зарина	254
Заруднева	15
Зарудный	132
Заруцкая	10
Зархидзе	1
Заславкая	0
Заступенко	1
Затравкин	30200
Затулякин	1
Заферман	2700
Захалева	0
Захарков	0
Зачесов	19
Заякин	23
Заякина	25
Збаращенко	2
Зверкова	11
Зверькова	16
Звонкова	16
Зграгген-Осwалд	0
Згуровский	169
Зевакина	10
Зедгенизов	2
Зеикер	0
Зейтлин	3
Зекий	0
Зеленцов	131
Земляков	788
Земский	1308
Земскы	0
Земцив	0
Зензеров	1
Зенкович	69
Зенковский	17
Зенковскы	0
Зеновская	0
Зенченко	57
Зепалов	6
Зиа	55
Зибарев	19
Зигерт	21
Зилова	28
Зильберборд	2
Зимеева	0
Зимич	4
Зимникова	2
Зимницкий	35
Зимницкы	0
Зимов	8
Зимушко	0
Зинковщук	0
Зинн	184
Зиннер	40
Зинова	13
Зиновев	0
Зиновиэв	0
Зихомиров	0
Зичу	0
Зобачев	0
Золотайкин	3
Золотаря	6
Золотницкая	21
Золотовская	52
Золотокрылин	0
Золоторев	19
Золототрубов	17
Золоточарев	0
Золочевская	11
Зольников	23
Зольникова	15
Зоммер	206
Зоненко	8
Зоненшайн	5
Зонтов	111
Зорбиди	0
Зориктуев	15
Зоричева	1
Зоркальцев	27
Зост	379
Зотиков	64
Зряковский	5
Зубаираjев	0
Зубайраев	22
Зубакин	80
Зубакина	25
Зубин	495
Зубко	203
Зубрава	0
Зубрева	4
Зуенко	35
Зукерт	4
Зылев	5
Зябрев	11
Зябченко	2
Зятев	5
Зятькова	20
Ивакин	139
Иваникова	1
Иваничина	0
Иванкин	45
Иванова-Унарова	1
Иванов-Дятлов	0
Ивановна	9037
Иванов-Унаров	0
Иванок	0
Иванцев	5
Иваньев	1
Иверонова	7
Ивушкина	8
Игамбердиев	10
Иганатьев	0
Игловская	1
Игнаткин	34
Игнатьэв	0
Игошин	140
Игошина	42
Игошкин	66
Игритсткая	0
Игудина	4
Идjиян	0
Иджиян	0
Иерусалемский	0
Иешко	1
Избеков	10
Избекова	2
Изоитко	8
Изосимова	7
Изох	10
Израилев	115
Изюменко	4
ИИванова	0
Икорский	5
Илльинский	0
Илупин	2
Илыин	0
Илыиных	0
Илыпин	0
Ильвес	263
Ильев	16
Ильичыов	0
Ильмина	0
Ильчуков	3
Ильяхов	5
Ильяхов-Хамса	0
Ильяш	157
Ильяшук	0
Илюhа	0
Илюпин	0
Им	143778
Имаев	10
Инашвили	28
Инголфссон	1
Инджиев	5
Индигеноус Пеоплес Cауcус	0
Индова	6
Индолев	0
Иненликей	0
Инешина	3
Иннокентьевна	64
Иноуэ	884
Инстанес	0
Институт Географии Академий Наук СССР	0
Институт Проблем Малочисленных Народов Севера. Центр Научно-Технической Информации	0
Институт Этнологии и Антропологии им. Н.Н. Миклухо-Маклая	80
Интернатионал Парк Програм	0
ИНФОРМ-ЭТНОС	0
Информ-этнос Агенcы	0
Инцкирвели	25
Иогалевич	0
Иоганзен	13
Иоспа	0
Ипатьева	102
Ирвин	1809
Ириков	20
Иринеев	3
Иринчеев	21
Ирискина	2
Исаjев	0
Исайчев	107
Исаэва	0
Исенко	3
Иславин	12
Исламова	66
Иссатченко	0
Иссерлин	7
Истошин	3
Итина	23
Иттер	152
Ифанова	1
Ихонен	0
Иц	440
Ишаев	104
Ишкулов	12
Кääб	0
Кüннап	0
Кабалов	12
Кабаньков	0
Кабдулова	0
Кавардин	0
Каверзина	14
Кадашова	373
Каденская	1
Каденский	2
Кадкина	28
Кадмина	16
Кадомцева	104
Каев	37
Каженкин	0
Казаис	0
Казанник	23
Казарбин	0
Казаринов	113
Казацева	0
Казимировскии	0
Казимировский	28
Казко	0
Казмин	8
Казначаев	0
Каигородцев	0
Каимонов	0
Каипов	16
Каисер	0
Кайбияйнен	1
Каймашников	2
Кайстренко	0
Какунов	0
Какурина	13
Какуткина	0
Калабанов	4
Калабин	31
Калабухов	187
Калацкий	2
Калаянова	0
Калдани	0
Калецкая	6
Калещук	1
Калиненке	0
Калмык	188
Калужинова	0
Кальме	10
Кальнин	5
Кальте	2
Калякин	57
Калянова	1
Камарин	6
Каменава	0
Каменкович	59
Каменоградский	3
Каменцев	42
Каменцева	42
Камионко	2
Камитов	5
Камнянский	0
Канаки	62
Канакин	12
Кандаракова	1
Кан Де Квон	0
Кандидов	17
Канеев	45
Кануков	27
Канцебовская	0
Капелькина	2
Капелюшный	3
Каплуненко	7
Каплянская	0
Капранов	126
Каптеин	0
Капужинова	0
Карjалаинен	0
Карабан	15
Каракчиев	3
Каракчиева	1
Каралашвили	10
Карандаева	0
Каранетова	0
Карапhет	0
Карапетова	2
Карасаев	52
Каратыгина	137
Карачаков	1
Караченов	0
Карбаинов	3
Карбаннова	0
Каргаполов	74
Кардашевская	3
Кардашевский	13
Карзин	7
Каркишко	0
Карлович	2989
Кармазин	105
Карноухов	5
Карогодин	1
Карпатов	9
Карпевич	2
Карпель	45
Карпова-Бенуа	0
Карпушова	0
Карпюк	61
Картелев	2
Картинцев	1
Карузина	4
Карукяпп	0
Карулин	5
Карулина	7
Карус	29
Карьковец	0
Карючи	0
Касач	2
Касинцев	7
Кассенс	1
Кастараков	0
Кастен	1074
Кастрен	61
Каськов	40
Катасова	1
Катионов	210
Каткуткина	0
Катушенко	2
Катыгинский	0
Кауп	23
Кауппала	2
Кафаров	103
Кафтановский	0
Кацеблин	1
Качалин	232
Качыньска	0
Кашаев	43
Кашик	14
Кашинцева	17
Каширцев	4
Кашменская	2
Кашницкий	19
Кашулин	54
Кашутина	10
Квартальная	80
Квачев	6
Квон	412
Кедич	0
Кедроливанский	6
Кейлис	14
Кейметинов	2
Кейметинова	0
Кельбе	4
Кельмачев	0
Кемкин	1
Кеммерих	17
Кенавский	0
Кенин-Лопсан	4
Кепежинскас	1
Кептукé	0
Кептуке	0
Кербабаев	16
Кережи	0
Керемкулов	0
Кержнер	14
Керкис	11
Керносов	1
Керт	190
Кершенгольц	0
Кеткина	1
Кивман	0
Кизяков	32
Кийиаут	0
Киле	768
Килеженко	0
Киллие	0
Киллиэ	0
Кильдишев	59
Кильдюшевский	4
Кильмянинов	0
Кимов	26
Кимпицкая	0
Кинд	126
Киприна	1
Кипрянов	0
Кирда	2
Кирдан	190
Кирдянов	2
Киржнер	19
Киричкова	0
Киркинен	6
Кирнарская	7
Кирнозова	0
Кироллова-Покровская	0
Кирочкини	0
Кирпикова	4
Кисабова	0
Кисевела	0
Киселенко	10
Кислых	502
Кисовский	1
Кистчински	0
Китаэв	0
Кифус	1
Кицул	2
Кичанова	39
Кичигин	141
Кишка	639
Кищинский	9
Киязева	0
Кладкин	3
Клаповская	1
Клаус	4179
Клеванный	0
Клеванцов	4
Клеин	7
Клейненберг	26
Клейнерман	8
Клеметьев	0
Клем-Мусатова	0
Клемято	1
Кленин	21
Клеопов	13
Клещенок	10
Клиге	4
Климачев	23
Климашевский	22
Климованд	0
Климошевская	0
Клиорин	9
Клиорина	2
Клисторин	0
Клитина	10
Клишес	0
Клок	128
Клопотов	5
Клубов	13388
Клуга	14
Клумов	17
Клювиткина	0
Клюк	20
Клюхинова	0
Кляусов	0
Кляшторин	0
Кнапп	420
Книпоwицч	0
Книппер	186
Кнорре	204
Княгиничев	10
Коwски	0
Кобалев	0
Кобеляцкий	16
Кобко	1
Кобленков	0
Кобленц	1501
Кобузева	1
Ковадло	2
Ковал	72
Коваленкер	2
Коваленок	114
Ковалея	0
Коваль-чук	0
Ковалюх	2
Коверда	18
Ковлеков	4
Ковлер	22
Ковски	1
Ковцова	0
Ковчин	30
Ковшов	71
Ковязин	21
Когарко	16
Когодовский	1
Кодина	100
Коеркова	0
Коженов	6
Кожова	6
Кожурбаев	0
Кожурова	1
Кожухов	240
Кожуховская	230
Козанский	5
Козаренко	10
Козеев	71
Козицын	56
Козубов	4
Козубская	2
Козупеева	0
Козыренко	12
Кокла	6
Кокран	561
Колатчек	0
Колбнев	4
Колгина	1
Колгушкин	5
Колдаэв	0
Колдунов	320
Колегова	53
Колесницкая	3
Колода	404
Колодезников	10
Колодов	1
Коломак	2062
Коломеев	1
Коломеец	44
Коломыцев	10
Колондра	0
Колонтеева	0
Колосницина	2
Колосницына	10
Колосовский	238
Колотаев	3
Колотвин	8
Колпащиков	8
Колпинов	0
Колпинова	0
Колтышев	10
Колунин	0
Колцов	0
Колышикин	0
Колышкин	59
Колька	165
Колясников	14
Комалов	0
Комаренко	27
Комарецкая	4
Комарицын	52
Комаро	8
Комбагир	0
Комгорт	0
Комзолкин	0
Коми Котыр	1
Коми Научный Центр УрО РАН	11
Комитет Верхного Совета РСФСР по социальному развитию села, аграрным вопросам и продовольствию	0
Комлева Е.В.	5
Комлевай	0
Комличенко	26
Комовалова	0
Комогорцев	8
Комшилов	20
Комышенец	0
Конавалов	0
Конавалова	0
Конакова	18
Кондин	2
Кондорская	3
Кондратев	0
Кондратенок	0
Кондреатьева	0
Коников	18
Коничев	32
Конищев	83
Конковский	0
Конников	248
Коннова	27
Коновов	0
Конопацкий	46
Коноплина	14
Коноплянко	1
Коноровский	0
Константивов	0
Константиновская	341
Конторин	9
Конторовский	0
Контримавичус	5
Контропович	0
Конусов	391
Конченко	2
Конырев	1
Копаев	124
Коптиль	1
Коптяев	17
Коптяева	17
Копцик	4
Копылков	5
Копысов	17
Копышева	3
Корабельников	59
Кораго	7
Корейша	23
Корелсьский	0
Корель	439
Коренников	5
Корзов	4
Корзухин	240
Кориакин	6
Кориандер	7
Коридалин	4
Кориковский	6
Корн	755
Корнер	499
Корнет	1411
Корниловая	0
Корниэнко	0
Корнюшенcо	0
Корнюшин	25
Коробицина	8
Коробцова	4
Коровина	499
Коровченко	4
Королева-Заславская	0
Короленок	1
Корона	4984
Коронатова	4
Коронкевич	6
Коротевич	0
Коротова	6
Коротокевич	0
Короцков	0
Корсунская	552
Корт	1637
Кортусов	1
Корусенко	5
Корчинская	25
Корчмит	6
Корытов	25
Корюхина	3
Косинская	72
Косинцев	29
Коскин	12
Кослова	0
Космачев	163
Косминская	349
Космович	2
Космортов	0
Косных	9
Кособокова	2
Косой	1500
Косоков	1
Коссовой	1
Костева	34
Костерин	72
Костеркина	1
Костко	17
Кострин	19
Кострицын	2
Костровицкий	12
Костылева-Лабунцова	0
Костюнина	20
Костяков	36
Костяшкина	0
Косухкин	1
Косько	1
Котгорт	0
Котелина	0
Котиков	224
Коткин	39
Котлjаков	0
Котлайр	0
Котловой	17
Котлукова	3
Котлысков	0
Котон	119
Котрехов	0
Котухов	7
Коукина	1
Коханов	47
Кохрихт	9
Коцебанов	0
Кочанов	63
Кочеулов	0
Кочиков	1
Кочмар	19
Кошельков	80
Кошечкин	102
Кошинский	12
Кошкарев	41
Кошкаров	41
Кошлева	0
Кошуг	0
Коэстер	0
Която	17
Крüгер	0
Кравчишина	0
Краевая	535
Краковецкий	26
Крамина	2
Крамсков	8
Крапивко	0
Крапивский	3
Красавчиков	21
Красилев	0
Красилов	227
Красильчиков	0
Краславская	19
Краснобородов	0
Красносельский	2182
Красноштанов	19
Краснушкина	17
Красный	37110
Красный	37111
Крастин	4
Кратт	12
Кратц	22
Крачовский	0
Креинин	0
Крейтер	128
Кремлева	77
Кремлякова	0
Кренне	0
Кренов	15
Кресге	43
Крестинская	7
Крживский	0
Кривелевич	2
Кривоборская	1
Кривой	6052
Криволуцкая	269
Кривоногова	26
Криворуцкий	8
Кривошапкина	16
Кривошапкин-Аыынга	0
Кривощекова-Гантман	9
Кривченок	1
Крившенко	5
Кригель	39
Кринин	4
Кринов	38
Кристинсен	31
Крицкий	73
Крицук	1
Кричак	0
Кричевец	3
Криэвошапкин	0
Кровнин	0
Кровопалов	0
Крубер	16
Кругер	18
Круглаковский	1
Кругляшова	4
Круклис	12
Круковер	17
Крупенье	2
Круцкий	0
Круцких	1
Крученицкии	0
Крученицкий	0
Крушинская	20
Крыжов	8
Крыленков	1
Крысов	37
Крюгер	1501
Кряжков	20
Кубаев	37
Кубышкин	70
Кубышкина	11
Кугаевский	7
Кудаба	6
Кудашов	135
Куденко	14
Кудиевский	5
Кудинова-Пастернак	0
Кудис	1
Кудицкая	0
Кудишкин	0
Кудияров	5
Кудриавцев	0
Кудусов	5
Кудьяров	0
Кузаков	29
Кузакова	5
Кузеев	151
Кузиванова	2
Кузмина	183
Кузнецыов	0
Кузовкин	103
Кузькокова	0
Кузьмиченов	0
Кузьмиченок	0
Кузьмичыонок	0
Куимова	17
Куйсали	0
Кукуткина	0
Кулахметов	22
Кулемзин	10
Кулинченко	28
Кулубеков	0
Кулшов	0
Кульбачний	0
Куляс	4
Кумантзов	0
Кумар	922
Кумари	228
Куминова	8
Кунахович	12
Кундышев	2
Кунев	120
Кунитзкий	0
Куницин	10
Куннап	4
Куно	360
Куперов	35
Куперштох	4
Куприjанова	0
Куприяшкин	0
Купрянов	0
Купчикова	12
Куражков	0
Кураленко	15
Курамин	3
Куранова	81
Курапцева	0
Куратова	33
Курбацкий	43
Курдгелаидзе	3
Куребито	0
Куренко	9
Куренная-Берцик	0
Куренцова	16
Куренчанин	0
Курикка	115
Куриков	11
Куринен	0
Куринин	1
Курмачев	9
Курмеи	0
Курмей	9
Курносова	66
Куролесова	34
Курсатова	0
Куртаева	0
Курусканов	0
Куруч	25
Курхинен	0
Курчерук	0
Курчиков	4
Кусаинов	118
Кусаков	26
Кусковский	81
Кусраев	10
Кусраэв	0
Куст	1569
Кустышев	4
Кустышева	1
Кусургашев	4
Кутафьев	1
Кутвицкая	0
Кутенков	28
Кутинов	12
Кутыев	4
Кутько	36
Кутюрин	1
Куусинен	108
Кухтинский	47
Куцев	84
Куценогии	0
Кучерев	2
Кучерков	1
Кучеров	653
Кучко	128
Кучмент	1
Кушель	446
Кушнев	3
Кылатчанов	0
Кытин	18
Кюннап	4
Лjуцарев	0
Лöннрот	0
Лаwсон	0
Лааксонен	54
Лабанаускас	1
Лавонен	7
Лаврентиев	1
Лаврентьэв	0
Лавренцова	2
Лавриллиэр	0
Лаврилье	1
Лаврушко	2
Лавский	71
Лагерев	6
Лагун	280
Ладанова	19
Ладенков	2
Ладлем	2
Ладыгуин	0
Лажинцев	0
Лазуков	21
Лазукова	5
Лазько	33
Лаиус	0
Лайба	9
Лайпанов	19
Лайшев	10
Лалетиная	0
Лаллукка	23
Ламакин	20
Ламейре	0
Ламехов	11
Ламина	26
Ламмерт	27
Ланев	7
Ланчаков	8
Лапотников	12
Лаппарова	0
Лапсуй	1
Лаптандер	13
Лапуко	0
Лапутина	23
Лапухов	0
Лапцуй	4
Лар	690
Ларинцев	22
Ларичева	33
Ларукова	0
Ларынцев	0
Ларычев	0
Ларькин	19
Ласко	466
Ласков	210
Ластовецкий	7
Ласточкин	243
Латалин	0
Лауринавичиус	1
Лаутеншлегер	13
Лахани	3
Лахов	8
Лахтионова	2
Лашов	5
Лашук	68
Лащенкова	4
Лащенов	28
Лаюс	5
Леhнинг	0
Леhтиранта	0
Леhтисало	0
Лебазейль	0
Лебединстев	0
Леберре	0
Лебков	2
Лебская	291
Левадная	3
Леванидова	21
Левантовская	0
Левашенко	1
Левашкевич	2
Левензон	19
Левених	4
Левенстеин	0
Левиков	37
Левков	241
Левкоев	43
Левоневский	16
Левренов	0
Левыкина	18
Легеза	16
Легеньков	1
Ледвочникова	0
Ледков	32
Ледниченко	0
Ледовской	11
Леете	0
Лезгинцев	18
Лезова	5
Леибман	0
Леин	20
Леитченков	0
Леицингер	0
Лейбзон	4
Лейер	10
Лейрих	5
Лейченко	9
Лейченков	3
Ле Массон	0
Лемза	5
Ле-Мюр	28
Ленников	15
Лентарев	0
Лентовская	4
Леоньев	0
Лепензин	1
Лепесевич	0
Лепихин	25
Лепыошкин	0
Лер	1402
Ле Руа	382
Лесковец	56
Лесняков	3
Леухина	7
Лехмус	5
Лехтиранта	1
Лехтисало	3
Лешев	36
Лешиков	0
Лешко	96
Лештаева	1
Лещиков	12
Либер	493
Либерзон	37
Ливерский	0
Лигаев	0
Лизалек	0
Лизинский	2
Лиле	943
Лилиэнберг	0
Лимчер	1
Линденау	83
Линевич	61
Линко	16
Липанская	0
Липенков	3
Липец	89
Липская-Вальронд	2
Лисер	5
Лисипцына	0
Лиситзин	0
Лиситстин	0
Лисицина	36
Лискевич	8
Лисниченко	12
Лисовенко	51
Лисогурский	1
Листенгурт	6
Листова	94
Лисыцына	0
Литвиновский	44
Литке	407
Литовко	28
Лифанчиков	0
Лихицкая	1
Лихменштын	0
Лихминен	0
Лишина	46
Ли Шуй Мин	0
Лобастова	7
Лобиков	14
Лобкина	2
Лобовиков	31
Лободин	41
Лоботросова	0
Лобышев	3
Ловелиус	4
Логанов	11
Логашова	16
Логвенчев	0
Лоджевская	0
Лодис	15
Лозина-Лозинский	27
Лозоваиа	0
Лойша	3
Локерман	8
Локотош	6
Лолаев	4
Ломанов	114
Ломанова	24
Ломанович	5
Ломеико	0
Ломовцева	5
Ломтадзе	13
Лонгинелли	0
Лоопманн	0
Лопес де Герену	0
Лориус	7
Лосик	74
Лоскота	1
Лоусон	759
Лоханкин	44
Лохару	6
Лоховинива	0
Лубина	21
Лубный-Герцык	0
Лубо	611
Лубо-Лесниченко	5
Лугинов	60
Лугов	941
Луговых	430
Лудлам	0
Лузин	245
Лукашкин	13
Лукива	3
Лукинов	42
Лукинский	189
Лукоwски	0
Лукс	46
Лукьянченко	82
Лукьяшко	2
Лукянов	1
Лунгерсгаузен	7
Лунегов	6
Лупа	501
Лупач	8
Лупачев	14
Лупачева	5
Лупикина	2
Лупян	2
Лут	234
Лутзарев	0
Луткин	1
Лутковский	34
Лутц	380
Луцавев	0
Лучинина	22
Лучининов	2
Лучинская	65
Лучицкий	138
Лучковский	34
Лынкина	0
Лысак	78
Лысенин	5
Лыскаева	0
Лыскин	11
Лыскова	30
Лысы	6
Любицкий	34
Любмов	0
Любцов	8
Любцова	22
Людоговский	40
Люльева	12
Люнге	12
Лютая	203
Люфанов	6
Люцарев	2
Люшвин	1
Лялягин	0
Лянцевич	0
Ляпидевский	145
Ляпунова	307
Лярская	20
Лясковская	39
Лясковский	103
Ляхницкий	32
Ляцкая	7
МcАрделл	0
МcКензиэ	0
МcМаhан	0
Мøллер	0
Мühле	0
Мüллер	0
Маwсон	0
Маxимов	0
Маxимова	0
Маасс	41
Маая Кыhымыыс	0
Мавлонов	5
Мавлютов	23
Магакян	26
Магрицкий	0
Маевич	12
Мазей	164
Мазена	21
Мазлис-Пресман	0
Мазунина	303
Мазуревич	0
Маистрова	0
Майбуры-Леwис	0
Майделл	14
Майнагашев	13
Майнов	21
Майсс	3
Майстрова	114
Майтинская	10
Макаев	72
Макаручева	0
Макарченко	18
Макашина	21
Макеров	13
Макиевский	33
Маккавеев	173
Маклыгин	6
Маковеев	157
Маковнев	4
Макоев	57
Макрушин	23
Максимовский	232
Макуров	32
Макушина	72
Макштас	1
Малая Советская Энциклопедия	112
Малевский-Малевич	10
Малек	435
Малицкая	27
Маловецкий	0
Маловицкий	5
Малоземова	22
Малолеткова	6
Малцева	0
Малышонок	0
Мальнея	0
Мальчевский	167
Мальшева	0
Малясова	12
Маминов	160
Мамчева	1
Мананков	6
Мангатаева	1
Мандель	314
Мандрикова	5
Мандритза	0
Маневский	21
Манжигеев	5
Манзырев	0
Манко	322
Мансельбаум	0
Мансийская	443
Манух	0
Манухова	3
Манькута	2
Манюхин	66
Мараков	15
Маракушев	11
Марасаев	2
Марасаева	4
Марасанова	28
Марасаэва	0
Мараханов	0
Марахтанов	0
Марбоуты	0
Мареичев	1
Маретин	13
Маржецкий	2
Марина	12165
Марина	12166
Маркианова	0
Маркизов	219
Маркитантов	6
Марсден	306
Марти	2959
Мартинова	9
Мартма	0
Мартуганов	0
Мартышев	11
Мартышин	11
Мартюхин	2
Маруашвили	18
Маруров	0
Марусик	14
Марценюк-Кухарук	1
Марчунова	0
Маршалова	3
Маршинцев	0
Маршунова	0
Марынов	1
Марысаев	0
Масайтис	3
Масалкин	4
Масина	83
Маскалов	1
Масловский	410
Масляев	59
Масолов	12
Массов	110
Массон-Делмотт	0
Массон-Дельмотт	0
Массунов	0
Мастюгина	3
Мастюков	0
Масягина	6
Матафанов	1
Матафонов	22
Матвеевна	484
Матвеенков	5
Мателенок	0
Материй	100
Матишев	6
Матковскии	0
Матковский	481
Матуль	2
Матушанская	0
Матушев	15
Матушкин	69
Матюшенко	128
Матюшинец	1
Маутуль	0
Махаров	2
Махлаев	3
Маховер	4
Махонько	5
Махоркин	4
Махоткин	11
Махотко	0
Махровская	3
Мацевич	14
Мацковский	3
Мач	853
Маясова	18
Меведев	0
Медведкова	34
Медведский	71
Медей	15
Медкова	21
Медников	148
Меер	310
Меер-Меликян	0
Межвилк	0
Междуведомственний геофизический комитет при президиуме Академии Наук СССР	0
Междуведомственный комитет по проведению Международного геофизического года при президиуме Академиии Наук СССР	0
Междуведомственный комитет по проведению Международного геофизического года при президиуме Академии Наук СССР	0
Мезенев	4
Меирманов	0
Мейстер	170
Мележик	9
Мелекесцев	3
Меленевский	16
Мелентьэва	0
Мелехина	326
Мелешите	0
Меллес	16
Мел`ник	1
Мелник	159
Мелников	1
Мел`ниченко	0
Мельхеев	38
Мелюкова	185
Меновщиков	402
Меншутин	13
Меньшакова	3
Меньшенин	23
Меньшенина	13
Меньщиков	167
Меньщикова	20
Менюшина	0
Меретин	9
Меркер	462
Мерклин	19
Меркурьева	72
Мертз	0
Меряшкина	0
Месежников	5
Мессер	200
Местников	7
Месчтыб	0
Месштыб	2
Метельский	58
Мехреньгин	4
Мещенко	2
Миhелсонс	0
Миач	0
Мигурский	4
Миддендорф	70
Мизгулин	10
Мизина	16
Микаhльев	0
Микина	10
Микко	716
Миклайлов	0
Миклашевская	64
Миклишанский	0
Миколюк	4
Микуленко	7
Микулич	163
Микушев	17
Микушева	3
Милашев	7
Милашенко	2
Милизин	0
Милиневский	3
Милиневскы	0
Милиневськый	0
Милл	2915
Миловский	46
Милоснов	0
Милько	77
Мимонова	0
Мимрин	0
Минасяна	33
Мингалев	13
Мингалиев	7
Миневич	10
Министерство охраны окружающей среды и природных ресурсов Российской Федерации	3
Минорский	130
Минтюшева	0
Минулина	2
Минут	29320
Минут	29321
Миняева	16
Мирабел	0
Мировский	17
Мирчинк	17
Мисайлов	0
Мисевич	51
Мисетов	1
Мискевич	23
Мисник	35
Миссаржевский	1
Митаев	6
Митенев	5
Митенков	35
Митзкевич	0
Митлянская	19
Митько	48
Митюшкин	16
Мифтахутдинов	8
Михаилов	15
Михаиловскии	0
Михаленков	8
Михальев	0
Михальскии	0
Михальцева	1
Михасенко	10
Михтарьянц	0
Мишарина	89
Мишкевич	16
Мишустина	19
Мищишина	0
Мо	24112
Мо	24113
Мовшевич	34
МогилЪников	0
Могучева	8
Модел	36
Моделевский	0
Модзалевская	4
Можин	35
Мозгова	23
Мозесон	0
Мойисеев	0
Мокшанцев	94
Молачанова	0
Молдогазиева	0
Молетотов	1
Молкентин	0
Моллер	273
Молодьков	116
Молоткова	35
Молошаг	1
Молькентин	1
Момде	1
Монго	117
Мордосов	0
Морецкий	0
Морковкина	17
Морозовский	527
Морошкин	80
Морской Флот	2642
Мортара	51
Морштын	34
Мосcоw Университет. Географический факультет	0
Мосеев	66
Мосенкис	2
Москалевский	10
Москалевскы	0
Москальков	10
Москалюк	123
Московский Государственный Университет им. М.В. Ломоносова. Астрономический Институт им. П.К. Штернберга	0
Мостахов	4
Мостепаненко	10
Мостриц	0
Мосцеев	0
Мотенко	1
Мотовилов	152
Моторова	3
Моут	327
Мошинская	15
Мошонкин	3
Мркос	124
Мрочков	0
Мужчинкин	3
Музылев	2
Мукатшев	0
Муксонов	0
Муллагалиев	4
Муравеико	0
Муравейко	4
Муравина	14
Муравиэв	0
Муравленко	161
Муравьjов	0
Муравьнева	0
Мурагин	1
Мурашик	0
Муращик	0
Мурдмаа	31
Мурлин	17
Мурыгин	83
Мусаелян	71
Мусатов Евгений Евгеньевич	0
Мусинянц	8
Мусиэнко	0
Мусмафин	0
Мусса	448
Мустель	21
Мутигуллин	5
Мухер	5
Мухонлева	0
Мушин	13
Муякшин	1
М.Х.	1226
Мчедлидзе	69
Мыльникова	157
Мымрин	9
Мынбаева	12
Мыравьэв	0
Мыреева-Баишева	0
Мырыгин	0
Мышлявцев	0
Мышляева	1
Мэри	10906
Мюле	28
Мяги	127
Мягкий	2642
Мягкова	90
Мяемец	0
Мякиненков	0
Мярикянов	0
Мярс	2
Мяседов	0
Мяч	7226
Наалд	0
Наберухин	6
Набоко	9
Навазова	0
Наварро	1737
Навасардов	16
Навигатор	913
Наганов	21
Нагорнов	29
Нагорный	2634
Нагурныи	0
Нагурный	6
Надарова	6
Надежина	20
Надубович	0
Надыожина	0
Назимова	151
Назинцев	5
Наимзалов	0
Наказик	0
Накалов	1
Накане	4
Накул	3
Налетова	28
Намятов	1
Нанзатов	12
Нансен	379
Напольских	82
Напрасникова	0
Наринская	52
Наркелюн	0
Наровчатова	36
Нарожны	5
Нартикоев	1
Нарчук	32
Насимович	174
Насолов	0
Наталенко	13
Натальин	17
Натапов	13
Наторхин	0
Наузбаэв	0
Наумчик	26
Наурзбаев	5
Наурзбаева	0
Наурзбаэв	0
Научная конференция по проблемам метеорологии Антарктики, Москва, 1959	0
Научно-Исследовательский Институт Геологии Арктики	0
Нацаренус	51
Национальныи комитет советских географов	0
Начеткина	0
Наянов	5
Неhзданова	0
Неwболд	0
Невалаинен	3
Неверовскы	0
Невесский	0
Невинскы	0
Невойса	0
Негруца	11
Негуляева	1
Недашковский	36
Недогибченко	7
Недосекин	165
Нежданова	132
Нежинский	777
Неизвестнов	2
Нейдинг	7
Нейкен	4
Нейфах	12
Нейфельдт	2
Нейшадт	0
Некучеева	0
Нелепо	287
Нелсон	266
Немков	190
Немтушкин	8
Немчин	24
Немшилова	3
Ненашев	139
Ненлюмкина	2
Ненянг	8
Непович	0
Непомилуева	0
Непринцева	66
Непрочнов	0
Нератова	15
Неркаги	3
Нерович	0
Неруш	22
Несветов	0
Несветова	1
Несов	16
Неупокоев	52
Неуронов	0
Неустрова	0
Неустроева	49
Нецветаев	48
Нецкий	3
Нечаэв	0
Нечволодова	9
Нечуятова	0
Нечхаев	0
Нешатаев	2
Ни	62211
Ниcкол	0
Ниалло	0
Ниводничанский	0
Нигматулина	50
Низяев	10
Никанаров	0
Никанов	2
Никицкы	0
Никишенков	21
Николаевскиий	0
Николаэв	0
Николаэва	0
Николотова	0
Николь	4065
Никульников	19
Никульченков	17
Нильсен	1956
Нимаева	8
Нимаэва	0
Нитишинский	0
Нифонтов	88
Нифонтова	83
Нишиков	0
Ниэwодниcзански	0
Ниэлсен	1
Ноwохатко	0
Нобиле	126
Новаковский	115
Новгород	12906
Новигацкий	0
Новигацкы	0
Новилова	0
Новитикова	0
Новихин	0
Новлянская	12
Новожилова	482
Новороцкая	0
Новосильский	253
Новости	30451
Новости	30452
Новохацкая	1
Ногтева	17
Ноздрюхин	4
Норwай	0
Норwай. Милjøверндепартемент	0
Нордберг	33
Нордштейн	18
Норин	99
Норина	53
Носилов	10
Нохрин	27
Нощенко	5
Ноэтзли	0
Нувано	1
Нужная	396
Нужний	0
Нулин	158
Нурберг	20
Нурзбаев	0
Нуркадилов	68
Нутталл	1
Нухимовская	1
Нюбом	2
Оhтомо	0
Оxман	0
Обедиентова	5
Обедков	4
Оберман	28
Обжиров	1
Оботуров	4
Обрезкова	18
Обризан	2
Обсянкин	0
Обучев	0
Обушенков	1
Овлащенко	1
Оводов	128
Овсяников	19
Овсянник	7
Овсяннуков	0
Оганин	1
Оглезнев	12
Огнетов	1
Огнеток	0
Оготоев	0
Огудин	1
Однокурцев	0
Одулок	5
Оелсчлäгел	0
Оелсчлагел	0
Оетрова	0
Ожигин	10
Озеранская	1
Озернюк	4
Озмидов	16
Ознобихин	3
Ознобихина	3
Озорнина	5
Оканев	0
Окатов	19
Окишев	12
Окишева	277
Околов	13
Окольничников	0
Окопный	26
Окотруб	0
Округин	7
Оксенова	2
Оксов	4
Октябрская	5
Октябрьский	7953
Окун	582
Олано-Эренья	0
Олейникоб	0
Олейноков	0
Олексеенко	29
Оленченко	8
Олесова	8
Олефир	34
Олив	958
Оловин	1
Олоченко	0
Олыников	0
Олькловик	0
Ольхина	54
Ольшлегель	2
Олюнин	36
Омельяненко	46
Омеляненко	2
Омоллоон	13
Омрытхеут	0
Оненко	11
Онищук	100
Онуфриев	61
Онуфриева	30
Онучин	37
Опалински	1
Опокина	1
Опруненко	1
Орадовская	2
Орадовский	3
Орвиг	4
Организационный комитет по проведению Международного геофизического года при пресидиуме Академии Наук СССР	0
Орешета	5
Орешкин	321
Орешкина	40
Орешко	26
Ориоле	3
Орозгожоев	3
Орсоев	1
Оршавский	0
Осwалт	0
Осадтчая	0
Осаковский	0
Оседовский	0
Осетрова	40
Осинова	16
Осиновский	442
Осипук	1
Оскомов	0
Оскрет	2
Оспенников	2
Осртоумов	0
Осртровский	0
Остапчук	165
Осташявичус	0
Остащенко	23
Остистий	0
Острекин	14
Острецова	25
Островерхова	11
Остякова	1
Отаина	4
Отмас	0
Отова-Саввинова	1
Отомо	261
Охлопкова	117
Охотина-Линд	4
Ошаров	17
Ошурков	54
Ошурок	1
Оынвидом	0
Павлеков	0
Павленкова	161
Павленов	2
Павлидис	82
Павлинин	0
Павлоский	1
Павчич	1
Паденко	1
Пазиняк	0
Паков	28
Пакулин	24
Пакулов	4
Палагушкина	5
Паламутов	0
Паланджян	6
Палашин	3
Паленичко	1
Пало	1661
Палымский	0
Пальгов	8
Пальман	22
Пальчик	240
Пальшин	29
ПАМЕ Интернатионал Сеcретариат	0
Паначин	1
Панда	694
Панева	8
Паникаров	10
Панишев	5
Панкрашкин	11
Пантелеймонов	41
Пантюлин	2
Пантюхин	39
Панчишин	63
Панчугин	0
Панычев	10
Папанин	100
Папесч	0
Папеш	3
Папинашвили	23
Папковский	5
Паранин	5
Парасотка	0
Паращенко	24
Парилова	15
Паринкина	1
Паромов	334
Паромова	21
Парпура	2
Партанов	0
Партанский	3
Парфенович	221
Пархачев	22
Паршакова	290
Пасашникова	0
Пасениук	0
Пассар	134
Пастуков	0
Пасхальный	413
Пасютин	10
Патерсон	598
Патин	6
Патова	7
Патраков	18
Патрова	7
Паттын	0
Патык-Кара	0
Патькова	0
Паулсен	29
Паутов	48
Пахорукова	3
Пахтусов	33
Пашинина	9
Пашкина	25
Пеарсон	3
Пеары	0
Пегель	6
Пегоев	0
Пежемский	40
Пеиве	0
Пейрос	21
Пекарская	131
Пекки	63
Пелех	18
Пелиновский	3
Пелипейченко	2
Пенедюк	0
Пеняскин	0
Пеображенский	0
Перваго	47
Переведенцев	13
Перевощикова	51
Перегоедов	0
Перегоэдов	0
Передня	125
Передольский	14
Пережилин	2
Переладов	8
Перемышлев	12
Перепелов	68
Переплетчиков	228
Перестенко	4
Перетрухин	15
Перкальскис	0
Перликов	0
Перлова	39
Перлстеин	0
Перлштеин	0
Перльштейн	4
Перлюк	0
Перозио	3
Перрин	159
Персков	0
Пертту	34
Перугин	0
Перуева	0
Перунова	12
Перуэва	0
Перцева-Остроумова	0
Перцигер	0
Перцик	11
Перчук	11
Першаков	13
Першина	485
Перышкин	24
Песин	21
Песковский	250
Песоцкий	228
Пестова	141
Пестриков	61
Пестрякова	16
Песчанский	243
Петерсилье	1
Петит	1301
Петриcк	0
Петрова-Бытова	7
Петровская-Баранова	0
Петровскы	0
Петрук	49
Петрукович	18
Петрунев	1
Петушков	297
Пехтин	38
Печень	1377
Печеркин	21
Пиcкинеров	0
Пивненко	68
Пигнатти	6
Пигузова	6
Пижанкова	2
Пижанова	1
Пиип	2
Пийп	31
Пика	3034
Пикаревиоh	0
Пикинеров	73
Пиковский	285
Пикулев	7
Пилац	2
Пилкясов	0
Пилот	9089
Пилсудски	1
Пилсудский	354
Пиманкина	0
Пимушкин	0
Пинаева	29
Пинглот	0
Пиннекер	11
Пинус	19
Пинхенсон	6
Пипко	3
Пири	521
Пирог	971
Пирожников	44
Пирсон	1163
Писарский	12
Писарчик	6
Пискуном	4
Писсанен	0
Письменный	1020
Питербарг	3
Питрук	0
Питулько	9
Пичкин	1
Пищальник	2
Плавайине	0
Плансон	43
Пластинин	29
Плате	1061
Пленин	3
Пленник	901
Плетнjов	0
Плешак	29
Плешкова	341
Плишкин	9
Плишкина	3
Плиэва	0
Пломников	0
Плотицына	8
Плумет	0
Плуэддеманн	0
Плюме	10
Плюханова	8
Плюхин	19
Плякин	18
Пнюшков	2
Поблофф	0
Побожий	10
Повалишникова	2
Повилейко	4
Поглазова	10
Погребицкий	4
Подалко	7
Подвигина	10
Подгаевская	1
Подгаецкий	128
Подгорбунский	27
Подгурская	19
Поддубский	37
Поделков	8
Поденко	52
Подклетнов	3
Подкорытов	88
Подладчиков	16
Подлинский	0
Подлипаев	5
Подморин	0
Подобина	4
Подобиной	0
Подогас	0
Подолский	1
Подольскы	0
Подоплекин	6
Подоплелов	28
Подоплиокин	0
Подоров	7
Подорова	5
Подосенина	2
Подошвин	1
Подражанская	3
Подстречный	0
Подцибастенкова	0
Подьякова	5
Подьячих	95
Под"япольский	0
Пожариская	0
Пожидаев	122
Позднышев	27
Познаркова	0
Позолотина	2
Поисеев	3
Пойзнер	18
Пойс	0
Показаньев	7
Покатилова	8
Покумейко	2
Полевщикова	7
Полевый	1
Поленц	34
Полилов	17
Полин	1000
Полиссар	0
Политова	31
Полишук	0
Полканов	57
Полквоj	0
Полквой	0
Половников	123
Пологих	240
Положий	38
Полонского	273
Полонскы	0
Полуй	124
Полымский	0
Польская-Аргунова	0
Полюшкин	4
Полягов	0
Полях	4843
Помишин	0
Помус	24
Понамарев	22
Понамарева	8
Понамаренко	3
Понарядов	0
Пономаров	0
Пономарчук	42
Пономарьев	0
Поносов	48
Поночевный	21
Понявин	8
Поот	4
Попеко	3
Поплюыко	0
Попоава-Санаая	0
Поповнин	2
Попов-Черкасов	0
Попов-Штарк	2
Попогребскы	0
Пополитов	6
Порожнякова	6
Поросятников	6
Порохин	8
Порохова	22
Порубаев	2
Порубаэв	0
Порхаев	3
Посадков	8
Поселов	6
Поспеjева	0
Поспеева	3
Постоленко	19
Посух	5
Потапьев	7
Потатуева	1
Потахин	8
Потеhина	0
Потелов	1
Потенко	1
Потокин	14
Потолицына	1
Потолыцина	0
Поундер	0
Поурчет	0
Похиленко	19
Похилко	2
Похилько	5
Почтарев	66
Пошатаева	1
Пошков	0
Пояков	0
Прего	6
Предовский	0
Президент Российской Федерации	695
Преминина	9
Премудрый	158
Преобрженский	0
Пресас	8
Прибылов	58
Привавлов	0
Приваловская	0
Придатко	21
Прик	88
Прилепский	133
Пристяжнюк	2
Приходко	8
Прищепы	7
Приэстлей	0
Прияткина	13
Пробатова	38
Пробст	376
Проворкин	1
Продайвода	1
Прокачева	0
Прокопчук	131
Прокош	9
Пронников	13
Проняев	6
Простихин	7
Протодьяков	0
Протодьяконов	37
Процветалова	0
Прошенкин	0
Прошутинский	7
Пругов	1
Пруденский	7
Прусс	54
Прыор	0
Прямиков	5
Прямикова	14
Псарева	47
Птицин	11
Пугалова	0
Пудовкин	181
Пузаченко	13
Пуллериц	1
Пулькин	34
Пуляев	44
Пуминов	3
Пунегова	3
Пунжина	1
Пуннинг	0
Пунтус	88
Пунух	0
Пупавкин	0
Пурше	1
Пусзтай	1
Пускков	0
Пустоваловый	0
Пустовоит	0
Пустовойтов	74
Путивкин	0
Путиков	2
Путшков	0
Путятина	187
Пухтель	0
Пучковская	21
Пушева	0
Пушникова	5
Пущаева	1
Пущаровскии	0
Пущина	124
Пчелин	209
Пчелкин	109
Пшенин	0
Пшеницина	2
Пшенников	23
Пшенникова	18
Пшонкин	1
Пыжевич	1
Пылма	2
Пырерка	3
Пыстин	7
Пытляков	0
Пястолова	1
Пятилетов	4
Пятков	144
Пятова	22
Рöслер	0
Рабандиров	0
Рабиновитч	0
Работ	56543
Работнова	37
Рабцевич	106
Равдоникас	29
Равина	37
Равинская	6
Равлидис	0
Равский	63
Рагтытваль	0
Рагулина	28
Радвиллович	0
Радикевич	1
Радлофф	3
Раенгулов	0
Разборщикова	0
Разгонов	52
Разлетова	1
Разницин	1
Разницын	2
Разоренова	23
Разуваэв	0
Разяпов	29
Раиковскы	0
Раиттила	0
Райжан	0
Райло	5
Райхенберг	215
Райхлин	11
Райшев	3
Ракин	54
Ракита	222
Ракишев	25
Ракуса-Сусзcзеwски	0
Ракуса-Сущевски	0
Раменская	292
Рамусс	0
Рандымова	1
Рансон	78
Ранькова	0
Ранюк	7
Рапота	60
Расова	16
Распоров	7
Расс	1948
Растегаев	24
Расцветаев	8
Раткин	16
Ратькова	40
Раукас	9
Раунер	13
Раутио	68
Раухер	4
Рахтилин	1
Рахчолд	0
Рацек	5
Раценас	0
Рачек	8
Раямяе	0
Ребенко	15
Ребенкова	0
Ребристая	131
Ребуненкова	0
Ревайкин	1
Ревнов	2
Регушевский	2
Редеи	22
Реед	0
Реес	68
Реженова	0
Резанов	228
Резванова	1
Резвая	49
Резепкин	30
Резиновская	0
Резяпкин	5
Резяпов	31
Рейвакин	0
Рейза	12
Реймерт	1
Рейнвальд-Орлов-Санеев	0
Рейф	63
Рейшахрит	2
Рекач	1
Рекис	24
Ремигайло	4
Ремисов	0
Ремм	2
Ремпель	52
Ренева	17
Репневский	3
Реппчен	0
Репхен	0
Ресванова	0
Ресин	105
Реслер	199
Республика Карелиа. Говернмент	0
Республика Коми. Глава	2
Республика Саха. Говернмент	0
Республика Саха (Якутия). Говернмент	0
Республика Саха (Якутия). Министерство Сельского Хозяйства и Продовольствия	0
Республика Саха (Якутия). Президиум Верховного Совета	0
Ресторгуев	0
Ретовский	2
Реу	8
Рехвиашвили	47
Рехина	25
Рецепкин	0
Речкина	20
Решетень	9
Решетняк	133
Ржавская	8
Ржавский	88
Ржавскы	0
Ржаницыин	0
Ржеплинский	0
Рибкин	0
Ривин	16
Ривкина	25
Ривьер	7098
Риле	36
Римская-Ковсакова	0
Ринк	99
Рис	5608
Риссанен	33
Ричтер	20
Ришес	4
Риябчиков	0
Роcхилл	0
Ровенская	821
Ровнин	17
Ровнина	3
Роговцев	8
Родионовский	66
Родныи	1
Родный	13
Родюшкин	3
Роев	50
Рожанец	12
Рождественскии	0
Рожелевский	0
Розонов	1
Розонова	1
Розумнюк	0
Ройз	38
Рокос	10
Ромаева	1
Романдеев	0
Романкевич	21
Романовскии	0
Романовскы	0
Романуке	0
Ромашева	2
Ромашенко	25
Роменко	6
Ромодановаская	0
Роненсон	0
Ронкина	2
Роньжина	9
Рооф	0
Ропар	6
Росенберг	5
Росенфельд	0
Рослякова	43
Росси	2755
Россохин	24
Ростиславин	0
Ростиславлева	1
Ростовцева	425
Ростовщиков	122
Росчин	0
Рототаев	32
Рототаева	12
Рототаэва	0
Роухияйнен	1
Рочев	181
Рояк	20
РСФСР. Министерство Речного Флота РСФСР	1
РСФСР. Совет Министров	18
Рубаченко	0
Рубчения	0
Рубченя	2
Рувиль	71
Ругин	26
Рудjаков	0
Руденский	109
Рудим	1
Рудковский	85
Рудный	515
Рудыка	39
Рудых	35
Рудякова	2
Ружичкова-Тополова	0
Рузов	14
Рукович	0
Рукосуэва	0
Рультынеут	1
Румяцев	0
Рунич	55
Рупосов	3
Руссиа.	10
Руссиа. Арктический и Антарктический Научно-Исследовательский Институт	0
Руссиа. Главный Гидрографическое Управление	0
Руссиа. Госкомстат	0
Руссиа. Государственная Дума	0
Руссиа. Государственный Комитет по управлению государственными имуществом	0
Руссиа. Государственный комитет Российской Федерации по Статистике (Госкомстат России)	0
Руссиа. Департамент информации и общественных связей Ямало-Ненецкий окружной музейно-выставочный комплекс имени И.С. Шемановского	0
Руссиа. Департамент торговли и мануфактур	0
Руссиа. Законодательное Собрание (Суглан) Эвенкийского Автономного Округа	0
Руссиа. Камчатский Областной Комитет	0
Руссиан Федератион	0
Руссиан Федератион. Верховный Совет Республики Коми	0
Руссиан Федератион. Говернмент	0
Руссиан Федератион. Госкомстат	0
Руссиан Федератион. Государственная Дума	0
Руссиан Федератион. Государственный Комитет Росскийской Федерации по Охране Окружающей Среды	0
Руссиан Федератион. Информ-Этнос	0
Руссиан Федератион. Коми Републиc. Госкомстат	0
Руссиан Федератион. Коми Республика. Верховный Совет	0
Руссиан Федератион. Правительство	0
Руссиан Федератион. Правительство Российской Федерации	0
Руссиан Федератион. Правительцво	0
Руссиан Федератион. Пресидент	0
Руссиан Федератион. Республика Саха (Якутия)	0
Руссиа. Партия Гражданского Эдинства IL	0
Руссиа. Полярно-Альпийский батонический cад-институт	0
Руссиа. Президент России	0
Руссиа. Президент РФ	0
Руссиа. Федеральная Служба Государственной Статистики	0
Рутилевский	0
Рутин	78
Рутовская	1
Рутткаи-Миклиан	0
Рыбачук	49
Рыбинков	0
Рыбчинская	9
Рывлин	10
Рыдвинг	0
Рыдина	0
Рыжановский	4
Рыжинков	0
Рыкун	42
Рындын	0
Рындына	0
Рысков	29
Рытхеу	1
Рыцк	2
Рычагов	627
Рюдвинг	0
Рюмкин	7
Рюнгенен	0
Рюытел	0
Рябин	27
Рябнин	0
Рябоконь	295
Рябчун	13
Рягоев	0
Рядинина	0
Рядченко	7
Рянский	4
Рясинцева	0
Рячченко	0
Рященко	6
Сcотт	0
Сwартз	0
Сwидерска	0
Саариниэми	0
Сабинин	104
Савалей	2
Саваренский	24
Саваторова	0
Саватюгин	26
Савваитова	42
Савватаев	0
Савватимский	1
Саввинова	4
Саввич	623
Саввичев	6
Саввон	1
Саввониди	0
Савелиэв	0
Савельэв	0
Савинецкий	1
Савинский	345
Савирский	1
Савицкы	0
Савич-Любитзкая	0
Савич-Любицкая	4
Савоскул	14
Савостин	84
Савостьянов	194
Сагайдачный	194
Сагалаев	82
Сагалевич	22
Садалов	0
Садекова	10
Садовичная	0
Садовникова	95
Садовый	2398
Садоков	6
Садохин	23
Садуртдинов	1
Сажинов	85
Сакерин	0
Сакунов	5
Салаватов	37
Саламатин	34
Саламатов	44
Салатова	7
Салатовка	0
Салецкий	1
Салиман-Владимиров	3
Саломатин	100
Саломон	790
Саломонсен	6
Салуквадзе	71
Сальва	160
Салютина	2
Самоилоwицч	0
Самоилов	0
Самолюбов	0
Самородницкий	0
Самохина	246
Самулыжко	1
Самышев	4
Сандимиров	2
Сандимирова	0
Сандуленко	3
Санеев	62
Санкина	60
Сапсович	1
Сапунова	105
Сараjев	0
Сарана	287
Саратовская	6376
Саричева	0
Сарновский	11
Саруханин	0
Саруханян	35
Сарян	9
Сасанова	0
Сасункевич	0
Сатлыкова	3
Саушкин	104
Сафаралиева	29
Сафатов	0
Сафрай	3
Сафрончик	0
Сафрошкин	0
Сафьянов	35
Сачс	8
Сашенков	47
Сбитнев	41
Свадковская	2
Сваричевская	4
Сваричевский	11
Сваричесвксий	0
Сваровский	11
Сватков	7
Сватковский	53
Свенко	0
Свенске	9
Свентек	106
Свердруп	68
Свертилов	11
Светачев	8
Светлосанов	0
Свинов	6
Свиржевская	0
Свиржевский	1
Свирюкова	0
Свиточ	25
Свияженинов	0
Свяженинов	0
Святейший Правительствующий Синод	39
Святец	72
Священников	3473
Се	5704
Сеcретарева	0
Себенцов	11
Себян	8
Себян-Кюель	5
Севартьянова	0
Севастянова	0
Северный Форум	8
Северскы	0
Сегалевич	0
Седалищев	3
Седякин	30
Сеид	504
Сеилентhал	0
Сеинова	0
Сейнова	6
Секретарева	19
Секуров	1
Селайнина	0
Сележинский	2
Селивановская	65
Селицкий	74
СельКов	37
Селявина	5
Семjонова	0
Семаков	74
Семакова	30
Семашев	1
Семенова-Тян-Шанская	27
Семенов-Спасский	1
Семенов-Тян-Шанский	184
Сементовский	56
Семериков	33
Семечкин	17
Семинский	36
Семиошина	0
Семихатов	37
Семихатова	22
Семихина	3
Семкин	74
Семушcкин	0
Семыонов	0
Семыонова	0
Семяшкина	6
Сенук	3
Сенькина	556
Сенюков	34
Септ	134
Сергачева	16
Сергеjев	0
Сергеант	0
Сергиева	807
Сергунин	42
Сердитов	28
Сердобов	4
Сердюченко	44
Серебровский	77
Серебряны	6
Серебряныи	0
Сереженков	7
Серлапов	3
Серола	0
Сиhво	0
Сибинформ	5
Сибир	47
Сивицкий	77
Сивтзев	0
Сивцев-Суорун Омоллоон	4
Сивцов	62
Сигова	20
Сигунов	12
Сигунылик	0
Сидняев	0
Сидорский	59
Сийкала	1
Силинский	35
Силичев	84
Силланпää	0
Сильницкая	7
Сильниченко	0
Симановский	81
Симачева	14
Симбирева	1
Симдянов	7
Симина	9
Синдеев	9
Синкьевич	0
Синюрин	0
Сипаров	2
Сирелиус	14
Сиско	405
Сиэгерт	0
Сиэросзеwски	0
Скабичевская	2
Скальник	13
Скарлато	18
Скаченко	33
Скачко	75
Скиткина	0
Складнев	6
Скобеева	6
Скогланд	21
Сколотнев	3
Скопин	392
Скопина	211
Скорбилин	4
Скоробач	0
Скрыбыкина	2
Скрыльник	5
Скубицкая	0
Скублов	0
Скугланд	0
Скульмовская	0
Скупов	0
Скуфьин	3
Скяутерис	0
Слабинский	17
Слабунов	23
Славентатор	1
Слагода	0
Сладкова	54
Сладкопевцев	24
Слапиньша	4
Сластевов	0
Сластенов	3
Слевич	1
Следзюк	5
Слепак	54
Слепнев	51
Слепцов-Шевлевич	0
Слесаренко	141
Слизкин	10
Слинченкова	0
Слободина Н.С.	0
Слободнях	0
Слоним	743
Слонова	214
Слуднев	0
Слуцкер	38
Случаев	12861
Слюта	0
Сметана	268
Сметанникова	18
Смирнов-Черкезов	4
Смирнягин	22
Смитh	0
Смолягин	0
Смоляницкий Василий	0
Смолярова	12
Смородинсков	0
Сморыгин	3
Смутов	3
Смуул	18
Снеговской	1
Снегорский	0
Сноw	0
Собол	13
Соболевкская	0
Соботович	7
Соваторова	0
Совершаев	3
Совершаева	4
Совет Львовского Геологического Общества	0
Совет Министров Ссср	487
Совет Народных Депутатов Ханты-Мансийского Автономного Округа	0
Совет Российской Федерации	55
Совет Федерации; Федеральное Собрание Российской Федерации	0
Совиэт Антарcтиc Эxпедитион 1970	0
Совиэт Унион. Общество изучения Мурманского края	0
Совловьев	0
Совновский	0
Совновскы	0
Содномпилова	3
Соинов	2
Сокальская	9
Сокин	6
Соколихина	0
Сократов	7
Солдаков	2
Солженицин	6
Соловjева	0
Соловар	44
Соловева	1
Соловенчук	2
Соловиэв	0
Соловкина	6
Соловьева-Ойунская	0
Соловьэв	0
Соловьэва	0
Соловьянова	2
Солодовник	72
Солодянкина	1
Соломина	177
Солостянский	0
Солотчина	1
Солоухина	45
Солохина	22
Солощак	0
Сомолина	0
Сонникова	5
Сонюшкин	1
Сопоцко	4
Сорвачева	7
Сороковиков	3
Соромотин	0
Соротокин	0
Сосновскы	0
Софианиди	3
Софронеев	1
Софьина	31
Сохина	15
Сочава	26
Сочнев	136
Сошкина	6
С.П. Арефьев	2
Спарроw	0
Спарроу	73
Спартаков	8
Спасенникова	2
Спеcтор	0
Спеваковский	8
Спесивцев	46
Специус	0
Спижарский	1
Спижевой	4
Спиро	207
Спирягин	1
Спирягина	0
Спичак	31
Спичкин	13
Спичхин	0
Сплиндлер	0
Спорышев	6
Спридонов	0
Спрингис	6
Сребродольская	1
Ссорин-Чайков	0
СССР. Кабинет Министров	19
СССР. Совет Министров СССР	23
Ставиский	153
Ставицкая	43
Ставкин	0
Ставский	78
Ставцев	14
Стамбулян	5
Стаммлер	0
Станиловская	1
Станиславов	136
Станишевский	49
Становов	2
Становой	945
Старик	3480
Старицкий	632
Старицын	14
Старицына	25
Старкель	1
Старников	0
Стасова	276
Статейкин	0
Статистический Комитет Содружества Независимых Государств	3
Стафиевская	0
Стаханов	405
Стаханова	196
Стахевич	19
Стебаев	7
Стебунов	33
Стегниций	0
Стеин	4
Стеинhаге	0
Стеинберг	0
Стейдем	0
Стекленков	0
Степанец	74
Степашко	8
Степовой	128
Стехновский	2
Стишева	0
Стожарова	15
Стожков	12
Стоколос	9
Сторожко	8
Сторчеус	2
Стотланд	3
Стояков	10
Стоянович	318
Страганова	0
Стракач	4
Страмбранд	0
Стративная	1
Стратула	1
Страух	2
Страуч	1
Страховенко	0
Стрежнев	44
Стрекаловский	16
Стрекопытов	6
Стрелецкая	490
Стрелов	36
Стрелова	7
Стремайков	0
Стремилов	3
Стрехлетов	0
Стриганова	865
Стриж	654
Стрович	0
Стромилов	20
Струбцова	0
Струль	0
Студенецкая	85
Студенецкий	197
Студенов	17
Стунжас	1
Ступишин	157
Стуров	15
Стыгар	1
Суборов	1
Сугоняев	17
Сугробов	55
Судариков	71
Суетин	96
Суетова	6
Суздальский	935
Сузина	8
Сузумов	0
Сузюмов	12
Сузюмова	4
Сук	981
Суканов	0
Сукерник	2
Сулеиманов	0
Сулержицкы	0
Султанбаев	8
Суляндзига	8
Сумгин	9
Сумерина	1
Сунгоркин	36
Супаташвили	0
Сурво	7
Суржин	7
Суровецкий	3
Суровикова	0
Сурхаско	6
Суслин	91
Сусой	7
Суспицын	2
Суставов	766
Сусуколов	0
Суткин	2
Сутырина	13
Сухарина	1
Сухенко	115
Сухнев	13
Суховей	166
Суховеркова	3
Суховерхова	10
Суходол	1039
Суходолов	32
Суходольслкий	0
Сухомиров	0
Сухорухова	0
Сучилин	55
Сучковская	324
Сушин	5
Сущанский	5
Счwарз	0
Счwеингрубер	0
Счwеитзер	0
Счастнев	25
Счефферус	0
Счкатов	0
Счмидеберг	0
Счмутз	0
Счнеидер	0
Счолкалскы	0
Счренк	0
Счтеинhаге	0
Счулзе	0
Счултз	0
Счытт	0
Сывороткин	10
Сызюмоба	0
Сыровацкий	3
Сыромятина	1
Сысенко	10
Сыскин	2
Сысоjева	0
Сысуев	123
Сытинский	308
Сытинскы	0
Сычкина	0
Сычкова	15
Сыыко	0
Сьезд народных депутатов Российской Федерации	0
Сюбаев	0
Тhомпсон	0
Табачниcк	0
Табидзе	72
Табулевич	29
Табунков	0
Тавадян	7
Тавризов	5
Тавровский	19
Тагунова	6
Таджибаева	8
Тадина	4
Тазлова	0
Таич	1
Тайсаев	27
Такакава	1
Такакура	235
Такала	12
Такасе	10
Талатай	0
Талент	10
Таловская	29
Талонов	70
Тамаринов	13
Тамаркин	25
Тамбиев	76
Тамбиэв	0
Тамбовскии	0
Тамбовский	1058
Тамборцев	0
Тананаев	27
Танасевич	3
Танасиенко	4
Танкаев	25
Танько	17
Тапилина	4
Тараcенко	0
Тарагупта	0
Тараданкин	2
Тараканчиков	8
Таранд	21
Таратин	7
Тарашкевич	26
Тарбаева	5
Тарвердиева	1
Таргульян	3
Таргулян	1
Тареева	30
Тарновецкий	6
Тарноградский	3
Тарнопольский	64
Тароева	2
Тарский	827
Тарусов	22
Тарчевская	2
Таскаева	290
Татаренкова	46
Таусик	2
Тахола	0
Тащилкин	0
Тварковский	14
Твердислов	11
Тебекин	9
Тебеньков	45
Тевлина	17
Теддер	610
Тейс	188
Текерhова	0
Теклин	4
Тельнов	77
Тельных	20
Темельянов	0
Темных	2444
Теннер	57
Тентюков	3
Теплинский	44
Теребенько	0
Терешенков	1
Терешонкова	0
Терлецкий	402
Терновой	125
Терновская	336
Тер-Саркисянц	80
Терских	174
Тертица	0
Тертычная	26
Тесаков	31
Теслер	52
Тетекин	12
Тетельбаум	11
Тетерина	208
Тетяева	6
Тешебаев	7
Тильман	111
Тимаков	168
Тимачев	63
Тимдал	0
Тимербаева	5
Тимерев	0
Тимиршин	0
Тимов	14
Тимонина	76
Тимонов	47
Тиморева	6
Тимофеев-Теплоухов	0
Тимофеев-Терешкин	3
Тимохов	43
Тимошенкова	11
Тимошков	15
Тимушев	23
Тимшин	17
Тинофеев	0
Тинькова	27
Тираспольский	384
Тислов	0
Тихановская	5
Тихменев	141
Тихогласова	0
Тихоненков	4
Тихончук	12
Тишенко	4
Тишина	1509
Тиэлидзе	0
Ткачик	21
Тоболкин	4
Тобольский Окружной Комитет Содействия Малым Народностям Севера	0
Тобуроков	8
Тобухов	0
Товбина	8
Товкач	15
Товстоног	1
Товт-Коршинская	0
Тодышев	6
Токмагамбетов	9
Токранов	105
Толбонова	1
Толматчеw	0
Толмачева-Карпинская	0
Толпышева	5
Толстихин	50
Толстоухова	15
Толстяк	457
Томашевская	44
Томашунас	0
Томирдиадо	0
Томирдиаро	1
Томкович	22
Томсен	410
Томская	5242
Томтосов	1
Томтосова	1
Томшин	1
Тонаевская	0
Тоом	44
Топунова	4
Топчиян	23
Торашкевич	0
Торбан	108
Торбицкий	0
Торгашев	21
Торговкин	15
Торгунова	1
Торлопов	37
Тормакова	0
Тормосов	2
Торнау	107
Торохов	9
Торочкова	0
Тороян	6
Тоскунина	0
Тотунова	6
Тоутабалина	0
Точенов	6
Точилин	141
Точилина	23
Тощаков	1
Травинский	23
Траскунова	1
Трашина	1
Трейвус	8
Трепов	277
Тресков	43
Трестчев	0
Трешников	141
Трещов	2
Тржемесский	1
Тржцинский	5
Тригер	14
Тригони	14
Трипольников	1
Трисман	34
Трифинов	0
Трицкая	0
Трожкина	0
Тройнин	25
Тройцкая	2
Тролукова	0
Тронов	52
Тропичев	0
Тропникова	3
Троцюк	78
Трошичев	6
Трошкина	21
Трощей	0
Трубецкова	7
Трубятчинский	7
Трунилина	0
Трусков	6
Труханов	343
Трухин	194
Трушков	53
Трынилина	0
Туганова	45
Тугузова	0
Туезов	2
Туезова	0
Туен	9
Тужилкина	2
Туз	1000
Тукеев	3
Туласынов	1
Тулин	182
Тултаев	6
Тулуз	873
Туляков	204
Тулякова	21
Туманцева	0
Тумат	24
Тумашов	1
Тумель	12
Тумольский	4
Тумской	14
Тумусов	33
Турбанов	12
Туриков	15
Туркеня	0
Турманина	3
Туровцев	18
Турпаева	1
Турубанов	2
Турубанова	2
Турутина	10
Турчанинов	323
Турьева	1
Тусида	1
Тутубалина	6
Тутюник	0
Тчербинин	0
Тчесунов	0
Тыллар	0
Тыналин	0
Тыртиков	5
Тыченко	2
Тычков	98
Тышко	47
Тюгу	11
Тюлькин	76
Тюрденев	16
Тюремнов	7
Тюрикова	23
Тюряков	1
Тютыннов	0
Тюфлин	7
Тюшевский	5
Тябин	9
Тяптиргянов	2
Уаров	3
Увачан	36
Удинцев	47
Удовенко	302
Удовкина	2
Уигуров	0
Уклонский	8
Украинский	35714
Украинцева	32
Уксусов	13
Улле	120
Улуро Адо	7
Ульмасвай	0
Уляшов	1
Умирханов	0
Умитбаев	10
Умперович	0
Унитед Статес. Говернмент	0
Управление по физической культуре и туризму КАО	0
Упрямов	0
Ураев	14
Урастыров	3
Урванцев	89
Уржумцев	30
Уринсон	31
Урсов	11
Урумбаев	1
Усанкина	0
Усанова	94
Усиков	1193
УССР	12160
УССР. Академия Наук СССР. Комиссия Экспедиционных Исследований	0
УССР. Всесоюзный Ленинский Коммунистический Союз Молодежи. Центральный Комитет	0
УССР. Всесоюзный Центральный Комитет Профессиональных Союзов	0
УССР. Всесоюзный Центральный Совет Профессиональных Союзов	0
УССР. Гидрографическое Управление	0
УССР. Гидрографическое Управление РККФ	0
УССР. Гидрометеорологическое Издательство	0
УССР. Главное Управление Геодезии и Картографии при Совете СССР	0
УССР Коммунистическая Партия Советского Союза. Центральный Комитет	0
УССР. Коммунистическая Партия Советского Союза. Центральный Комитет	0
УССР. Мировой Центр Данных Б	0
УССР. Полар-Алпине Ботаниcал Гарден	0
УССР. Регистер СССР	0
УССР. Совет Министров РСФСР	0
УССР. Совет Министров СССР	0
УССР. Центральное Статистическое Управление	0
УССР. Центральное Статистическое Управление при Совете Министров СССР	0
УССР Центральный Государственный Архив Военно-Морского Флота	0
Устиев	4
Устимович	134
Устрицкий	11
Устюжин	7
Усубалиев	29
Усчаков	0
Усынин	16
Усыченко	5
Утешев	31
Утнасин	0
Утусиков	3
Утюшев	1
Уфаев	9
Ухачева	4
Ушатинская	1
Ушатинскии	0
Ушжаповская	0
Ушко	370
Ушнурцев	0
Фjеллhеим	0
Фüрст	0
Фаhл	0
Фаис-Леуцкая	0
Файвушевич	1
Файдель	4
Файко	79
Фалковитш	0
Фаныгин	2
Фарбенов	0
Фаренгольц	2
Фарерштейн	0
Фарнисова	0
Фартышев	3
Фаустова	19
Федерова	2
Федорей	0
Федоров-Давыдов	101
Федухин	2
Федухина	3
Федынский	33
Федяев	99
Федякина	36
Федяков	27
Федянин	56
Феенкер	0
Феер	15
Фелингер	0
Феодорова	18
Фесько	13
Фефелова	188
Фефилова	19
Феюнева	0
Фигуркин	0
Филиминов	0
Филинкова	7
Филиннова	0
Филипецкий	2
Филипцкий	0
Филициян	0
Филонюк	12
Финланд. Министры оф тhе Энвиронмент	0
Финланд, Републиc оф	0
Финякин	0
Фирин	17
Фирсонов	3
Фирстов	23
Фисинина	1
Флигель	2032
Флинт	3643
Флорова	20
Фокеев	62
Фолитарек	6
Фонвиэлле	0
Фондаhл	0
Форбес	17
Форбс	1597
Форланд	49
Форофонтов	0
Фортуна	1406
Фотиади	5
Фотиэв	0
Фотянова	0
Фрадкин	212
Фраерман	30
Франк-Каменецкий	58
Францессон	7
Францова	11
Фрауэнфелдер	1
Френдий	0
Френч	1571
Фрер	898
Фреучен	0
Фридланд	449
Фридлянд	110
Фридовский	0
Фритзше	0
Фрих-Хар	7
Фроль	0
Фролькис	6
Фруентов	4
Фруэнтов	0
Фуčíк	0
Фуjии	0
Фугзан	1
Фуджии	2
Фузеина	0
Фукуи	374
Футтер	1
Фучс	12
Фыодоров	0
Фьэлльхейм	0
Хабаков	3
Хабардин	8
Хабек	3
Хагемейстер	32
Хазанович	20
Хайжикова	0
Хайзенберг	13
Хакамиес	0
Хаккарайнен	23
Хаккарейнен	0
Хаковская	0
Халами	0
Халапсин	3
Халбаев	2
Халдеева	10
Халявицкий	7
Хаминчун	0
Ханаева	57
Ханбеков	10
Ханды	22
Ханкишиева	4
Ханкишиэва	0
Ханнус	38
Хантемиров	3
Хантимер	1
Ханькан	0
Харахинов	0
Харебов	8
Харевский	0
Харинский	42
Харионовский	3
Харитоновский	35
Харковец	9
Харлов	199
Харькив	2
Харьков	10807
Харьковец	7
Харюткина	0
Хасанкаев	0
Хасноулин	0
Хаснулиным	0
Хаттатов	2
Хатту	21
Хатылаева	0
Хатюткина	0
Хаузенберг	3
Хахам	58
Хахин	9
Хахназаров	0
Хаховская	4
Хахулина	8
Хачапуридзе	11
Хват	1909
Хведчук	3
Хведынич	0
Хворостова	13
Хворостянко	1
Хейккинен	113
Хелол	2
Хендель	17
Хенриксен	287
Херли	656
Херман	1573
Хермичен	0
Хизриева	6
Хильми	179
Химаныч	15
Хименков	1
Химица	0
Химич	124
Химиченко	6
Химичук	1
Хинн	10
Хитун	1
Хлебный	988
Хлебопашев	0
Хлобыстина	8
Хлонова	0
Хлопачев	5
Хлопкин	10
Хлыновская	7
Хлыстова	20
Хмарская	2
Хмелевской	138
Хмзников	0
Хмурин	0
Хмызников	9
Ходак	87
Ходжа-Ахмедов	0
Ходжа-Ахмедова	0
Ходжер	18
Ходоров	436
Хожина	1
Холодкевич	4
Холопцева	1
Холюшкин	3
Холявко	15
Хоментовский	104
Хоменюк	3
Хомиченко	3
Хомонова	0
Хомченко	120
Хон	1364
Хонина	15
Хоргуани	0
Хориков	7
Хороших	5387
Хорсун	7
Хотемова	0
Хотинок	4
Хохолов	5
Храповицкий	473
Хргиан	15
Хребтов	1387
Христоев	2
Христьянова	0
Хрол	5
Хролов	4
Хромцова	12
Хропов	37
Хруслов	205
Хрянина	3
Худзиковская	0
Худин	15
Худукон	1
Хультч	0
Хунджуа	0
Хурсевич	2
Хуснетдинов	1
Хуторецкий	1
Хуторской	189
Хыманыч	0
Хышиктуев	0
Хьюсби	0
Цапко	164
Царфис	3
Царяпкин	0
Цатуров	11
Цвелев	337
Цветухин	8
Цвецинский	10
Цвид	2
Цвык	9
Цеh	0
Ценин	49
Центральное Статистическое Управление при Совете Министров СССР	129
Центральным Институтом Погоды	0
Церковер	1
Цех	2893
Цеханская	19
Цехоня	0
Цибизов	40
Цибулский	0
Цивин	15
Цивка	4
Циганков	4
Цигельная	2
Цигельницкий	1
Цикунов	16
Цимдина	1
Циновский	6
Циркунов	16
Цирульников	38
Цитович	64
Цомакион	12
Цомая	12
Цоме	0
Цопанов	9
Цуканов	304
Цукерник	26
Цурков	61
Цхурбаев	2
Цыбань	20
Цыбулья	0
Цыбуля	18
Цыганко	9
Цыденжапов	40
Цымек	0
Цыцарин	1
Цьонь	0
Цюрупа	77
Ча	625
Чавтур	1
Чагулов	0
Чаико	0
Чаликов	22
Чаликова	34
Чалмаев	22
Чалышев	28600
Чанcеллор	0
Чандонне	0
Чандонны	0
Чанчаева	0
Чапискы	0
Чапский	143
Чапыева	0
Чарина	3
Чарнолуский	13
Часовский	4
Частиков	5
Частухина	2
Чауссоннет	0
Чащинов	1
Чгунков	0
Чебам	0
Чебан	150
Чебоксаров	88
Чебыкина	58
Чеверев	4
Чевычелов	19
Чедия	20
Чекарев	2
Чекотилло	1
Чекренев	0
Чекуолис	2
Чекуров	11
Челебаева	0
Челников	0
Челомин	4
Чемезов	64
Чемеков	5
Чентемиров	3
Чепалыга	27
Чепижный	80
Чепиков	157
Чепурина	57
Чепурковский	15
Черhовский	0
Чербохова	0
Чербунина	0
Черевичный	21
Черемисин	180
Черемисова	13
Черемушкин	56
Черенко	4
Черепов	569
Черканов	5
Черкашев	3
Черкашов	3
Черкащенко	5
Черкесова	61
Чернавин	205
Чернайвский	0
Черненький	15
Черниадиэв	0
Чернигов	2070
Черникин	17
Черницын	39
Черничко	9
Черновой	967
Черновская	115
Чернолуцкая	6
Черноок	17
Черноуc	0
Черноя	2
Чернухин	49
Черных-Якутский	0
Чернядьев	10
Чернядьева	11
Чернядьэва	0
Чернякова	93
Чернянский	99
Черский	338
Чертовской	2
Черторицкая	8
Чесмочаков	0
Чеснаков	130
Чесунов	75
Четвертков	19
Четырбоцкии	0
Четырбоцкий	0
Четырбоцкы	0
Чеха	270
Чехина	0
Чеховская	227
Чеховских	74
Чехоева	5
Чеча	227
Чеченков	6
Чечеткин	40
Чешихин	49
Чиарле	0
Чижук	0
Чикачев	12
Чикирев	10
Чикишев	75
Чиковский	2
Чикорев	0
Чимиров	2
Чинарина	1
Чинарова	12
Чиндонова	0
Чин-Мо-Цай	1
Чирва	101
Чиряев	11
Чисталев	4
Чистиаков	0
Чистотинов	0
Чистотипов	0
Чисхан	0
Чичасов	2
Чичигуине	0
Чичло	0
Чмаркова	0
Чомчоев	1
Чочиа	1
Чренков	0
Чренкова	0
Чриков	0
Чристенсен	0
Чубаков	13
Чубар	95
Чубарь	124
Чубенко	48
Чувашов	22
Чувильчиков	0
Чугай	40
Чугайнова	10
Чугуева	86
Чугуй	4
Чугунков	6
Чугунный	400
Чудаева	1
Чудзикоwска	0
Чудненко	9
Чудов	507
Чуенков	7
Чужакина	0
Чукичева	4
Чукомин	0
Чукров	1
Чумичев	25
Чуприн	71
Чупрынин	8
Чураев	34
Чурун	5
Чуряев	0
Чуткин	0
Чухонин	0
Чучукало	14
Чхмахчев	0
Шаcклетон	0
Шабаров	34
Шабашев	3
Шабашова	9
Шаблинский	15
Шабынин	1
Шавлов	89
Шавлова	13
Шавров	339
Шавыкин	23
Шагаев	30
Шагинов	4
Шаденков	0
Шайдулин	20
Шакай	27
Шакирзянов	14
Шалашина	2
Шалыбков	2
Шальнева	9
Шаманова	106
Шаммазов	21
Шамонтjев	0
Шамонтьев	7
Шамонтьева	0
Шамшина	33
Шандиков	41
Шантыкова	0
Шануренко	1
Шанцер	37
Шаныкова	0
Шаохай	0
Шапаев	5
Шапалин	2
Шапаров	2
Шапловская	0
Шапов	5
Шарбаронов	0
Шар-Баронов	0
Шарбатян	4
Шаргаев	11
Шарданов	3
Шарловская	5
Шаровар	39
Шаропов	1
Шатз	1
Шатилина	5
Шатило	36
Шатилович	1
Шатунский	0
Шауло	9
Шафеев	11
Шафер	242
Шафраник	22
Шафранов-Куцев	39
Шафрановская	6
Шафтан	2
Шаховцов	9
Шахотько	7
Шахтарова	0
Шац	157
Шашкин	52
Шашко	12
Шваитцер	0
Швайнштейн	0
Шварцев	11
Шведенков	0
Шведенкова	1
Швембергер	11
Швер	18
Швиковскы	0
Швирикас	0
Швыдкая	15
Шебелев	0
Шеберстов	12
Шевардина	3
Шевина	1
Шевков	107
Шевнин	12
Шевнина	10
Шегалов	2
Шедченко	10
Шеинкман	0
Шейнкер	18
Шейнкман	33
Шейнштейн	0
Шелгунова	54
Шелехова	82
Шелихов	175
Шелкопляс	3
Шеловаковедяева	0
Шеломенцев	11
Шеломова	3
Шелудько	36
Шелудяков	9
Шемановский	6
Шеменда	1
Шеметов	93
Шемин	0
Шенталинская	11
Шенфиль	0
Шенцис	0
Шеповальников	2
Шепталинская	0
Шереметевская	11
Шереметьэв	0
Шерстыков	0
Шерстюков	13
Шерстянкин	6
Шерхунаев	9
Шершакова	10
Шеслер	3
Шестериков	43
Шестернев	104
Шестерова	2
Шехаб	73
Шеходанов	2
Шешегова	1
Шешин	40
Шешталов	0
Шешуков	137
Шешукова-Порецкая	2
Шибаев	183
Шибаэв	0
Шибинский	6
Шибков	4
Шибнев	10
Шика	103
Шиканова	11
Шикломанов	2
Шикунова	14
Шилакин	1
Шиленков	26
Шильников	81
Шильцова	1
Шимараев	1
Шимизу	11
Шиняев	0
Шипилина	7
Шипков	54
Шипчинский	56
Шираиwа	0
Шираива	0
Шираиши	6
Ширина	28154
Широв	91
Широкий	9614
Широкогоров	13
Широкогорофф	0
Широколобова	0
Широчков	0
Шистер	12
Шишацкий	223
Шишгина	0
Шишигина	47
Шишикин	25
Шишконакова	0
Шишло	32
Шишорина	4
Шиэлдс	0
Шиянская	0
Шиятов	3
Шканова	10
Шкателов	0
Шкатов	19
Шкляревич	12
Шкляров	13
Шкодзинский	1
Шкодкин	1
Шкуринский	12
Шлайфштейн	0
Шлезингер	612
Шлейник	0
Шленскова	0
Шломин	65
Шлыгин	10
Шлюкова	0
Шляков	63
Шлямин	14
Шмакин	2
Шмарев	11
Шмат	123
Шмелеф	0
Шмельков	61
Шметтерлинг	14
Шмидеберг	107
Шмилов	0
Шмыглева	1
Шнееров	5
Шнипер	3
Шнирелман	0
Шныпарков	1
Шольц	713
Шопотов	3
Шофман	46
Шохирева	2
Шоцкий	6
Шошина	41
Шпайхер	249
Шпалтаков	1
Шпарковский	0
Шпаро	35
Шпектор	12
Шпикерман	4
Шпильман	118
Шпинь	0
Шпис	46
Шпицер	15
Шполянская	10
Шпринцин	4
Шпрыгов	1
Шпрыгова	0
Шпунт	38
Шрадер	131
Шреибер	0
Шрейбер	96
Шрейдер	176
Штагер	2
Штегман	38
Штейнбок	9
Штепенко	18
Штех	29
Штильман	59
Штоколов	133
Штульберг	1
Шубникова	131
Шуваева	40
Шугуров	99
Шука	48
Шукан	26
Шуколюков	9
Шулдинер	0
Шулейкин	43
Шулешко	9
Шульдинер	38
Шульман-Альбова	0
Шульников	0
Шулятин	7
Шумар	46
Шумеико	0
Шумкова	54
Шумяцкий	47
Шундик	14
Шундрин	1
Шупер	7
Шургина	1
Шурдумов	4
Шуриц	3
Шурова	31
Шурпяк	0
Шурупов	98
Шурхал	4
Шутилин	2
Шутова	362
Шухтина	3
Шушания	11
Шушкина	3
Шышкова	1
Щ	1848
Щеболев	0
Щегельский	5
Щеколдин	23
Щелкунова	20
Щелчкова	12
Щепихин	17
Щербани	112
Щербаносов	0
Щербарова	0
Щербины	195
Щербов	36
Щетинников	4
Щетинникова	3
Щетников	54
Щипа	8
Щипко	2
Щтеинников	0
Щурова	47
Эбеджанс	1
Эберлеин	0
Эбралидзе	109
Эверство	0
Эверстов	11
Эвзеров	0
Эвсjуков	0
Эвсейев	0
Эвтеев	0
Эглит	14
Эгоркин	0
Эгоров	0
Эгорова	0
Эгурцов	0
Эдидович	4
Эдлинский	1
Эермак	0
Эиcкен	0
Эилмстеинер-Саxингер	0
Эиснер	0
Экайкин	0
Экерман	43
ЭКОСЕВЕР	0
Эланскы	0
Элеманов	1
Элиасов	10
Элиасс	0
Элисеjева	0
Элисеев	0
Элисеева	0
Элляй	4
Элников	0
Эльман	110
Эмелянова	0
Эмеров	0
Эмец	0
Эмиг	24
Эмифов	0
Эмкуль	9
Эммерсон	64
Энгельhардт	0
Эникеев	0
Энс	151
Эпифанов	1
Эпстеин	0
Эрвайс	6
Эрвье	38
Эринчек	1
Эрмаков	0
Эрниц	2
Эрокин	0
Эрохин	0
Эртюков	1
Эршов	0
Эрштадт	1
Эсида	3
Эсиков	0
Этлис	106
Эттырынтына	3
Эфимова	0
Эфремов	1
Эханин	0
Эыдинов	0
Эыснер	0
Юдалевич	16
Юданов	23
Юдахин	39
Юдкин	21
Юдовин	34
Южанина	55
Южанинова	5
Юзвицкий	2
Юзмухаметов	59
Юли-Кауппила	0
Юлин	155
Юнов	78
Юнтунен	14
Юриэв	0
Юрцев	84
Юрчинская	0
Юрьэв	0
Юхов	26
Ющак	17
Явловский	2
Явсимирский	0
Явтысый	8
Ягодовский	5
Яготин	112
Ягуц	0
Ядне	4
Ядрихинский	1
Ядрищенский	1
Ядрошников	0
Язан	6
Язева	342
Язовский	7
Язовских	11
Яковис	3
Яковлей	0
Яколев	0
Якувов	0
Якутская АССР. Супреме Совиэт	0
Якутский архив 2004 но.1	0
Якуш	30
Якушова	46
Якшин	51
Ялеткан	0
Яналов	5
Янес	94
Янжура	0
Яников	8
Яния	2
Янкович	1323
Янковска	10
Янковский Николай Казимирович	2
Янчевская	8
Ярагина	0
Яргулян	0
Яремчук	370
Яретык	0
Ярзыткина	0
Ярина	319
Ярмолик	1
Яросланцев	0
Ярушина	20
Ярушкин	26
Ярышева	4
Ясвин	3
Ясински	22
Ястер	1
Ястреба	498
Ятлукова	0
Яцимирский	47
Яцковский	183
Яцун	17
Яцунский	26
